username,first_name,last_name,dob,pan,education,capital,income,debt,interest,credit_score,repayment
dis.parturient.montes@enim.co.uk,Oleg,Morrison,71-03-21,NFDUP46589,1,368429,24663,30053,5,654,1
Quisque@eratvel.ca,Deacon,Velasquez,87-07-27,SDEHV16854,1,718813,77811,70889,3,831,6
Curabitur@orciUtsemper.edu,Ursula,Chapman,61-03-27,JOCAW31900,1,458062,75665,72985,9,708,2
purus.mauris@Duisrisus.org,Irene,Jackson,62-03-22,SNOOU08655,3,991624,82673,74836,4,148,8
urna.suscipit@aultriciesadipiscing.co.uk,Brent,Mcconnell,78-04-05,MHXHP83379,3,219778,88968,37928,9,974,2
eu.turpis.Nulla@tortornibh.net,Thaddeus,Watkins,97-06-13,UTUND49846,4,466506,13926,29696,10,736,8
elementum@tincidunt.ca,Zenia,Burch,59-07-01,RBMSA30430,1,365296,10268,11749,10,829,2
nibh@Maecenasmi.net,Michael,Burgess,99-06-29,UBCXQ33561,3,635700,39133,54635,3,208,5
sodales@Nulla.org,Isaiah,Huber,52-02-18,VOZLW78267,2,248743,78155,59716,9,307,2
varius.et@vitaemauris.edu,Vincent,Mcgowan,71-12-31,DCYZC20197,3,209168,82238,33434,4,608,3
dapibus.ligula@ullamcorperDuiscursus.co.uk,Colorado,Ballard,73-10-30,WMAZK07939,2,661263,52289,15450,7,238,3
orci.lacus@auguescelerisque.org,Leila,Boyer,92-06-25,VSXSF17413,1,840354,81650,53663,8,811,6
lectus@facilisisloremtristique.org,Lucius,Koch,88-10-31,FPKJD11407,2,838990,79906,17262,6,321,6
nulla.Donec@PraesentluctusCurabitur.ca,Benjamin,Howell,78-05-30,FNQXM49507,3,848349,98625,81393,7,628,7
odio@consequatdolorvitae.edu,Dora,Hyde,68-11-27,ZTRSC99654,3,608987,90676,25909,10,307,1
nisi.Cum.sociis@hendreritneque.co.uk,Bree,Cummings,60-02-26,PZMAM87819,4,181318,16627,98764,3,816,2
nec.orci.Donec@blanditmattisCras.ca,Knox,Crane,79-11-29,FLAUO07508,3,516433,69374,87981,5,749,5
Nullam.nisl.Maecenas@metusvitaevelit.co.uk,Carl,Fields,71-12-28,GGGKJ54659,2,903684,63116,25542,5,318,9
eu@laoreetposuere.com,Micah,Roberson,54-03-20,KMWYC71006,4,546153,80045,81990,6,838,1
egestas.Aliquam@molestie.org,Charity,Cooley,69-07-30,GLIOC60449,2,253491,89422,80125,3,708,4
ligula@idmollisnec.net,Hedwig,Carney,50-08-07,GLPHQ98734,4,105545,97188,59874,4,844,2
ante.bibendum.ullamcorper@egestasAliquam.edu,India,Gentry,64-03-18,PJSQS34312,3,747057,21756,35051,7,180,4
fermentum.fermentum@ac.edu,Mikayla,Knowles,60-05-19,CMVFE25430,3,416881,31036,84661,7,723,6
nibh.vulputate.mauris@quis.ca,Francis,Wolf,71-07-14,IOKUN76126,1,454230,98347,43253,8,239,4
lacinia.mattis@Nullaaliquet.net,Kay,Irwin,63-03-17,ALEMQ17626,4,457543,71151,66039,8,894,8
sociis@nequevitae.net,Raven,Duffy,89-09-20,HRUZP96147,3,351752,65429,47678,10,958,10
Aliquam.gravida.mauris@commodotinciduntnibh.com,Travis,Ward,98-01-12,XQQDT28525,1,934428,13960,26970,3,845,10
a@utmiDuis.ca,Keely,Shelton,96-09-24,QBRLW80755,1,703024,24883,27188,3,749,9
vitae.sodales.at@eunibh.net,Rosalyn,Langley,99-11-11,MSAEA92340,3,720637,65600,24976,3,742,2
fringilla.purus.mauris@miloremvehicula.org,Jelani,Holland,53-04-16,XGCAV16523,3,717304,64597,72450,3,682,2
Sed@inlobortis.net,Lacey,Mosley,63-07-17,CTGBJ04799,2,801585,70117,64423,7,127,4
et.eros.Proin@sociosquadlitora.net,Erich,Wooten,98-12-18,BDVNC18162,2,517640,38608,87396,3,818,9
erat@vulputatelacusCras.com,Remedios,Baker,67-09-25,GVUBQ70191,1,214331,58291,85689,7,282,6
tristique.ac.eleifend@leoVivamusnibh.com,Aubrey,Hull,57-11-15,IWNWM49730,3,223339,67110,46133,4,463,10
enim.Etiam@dictum.net,Yeo,Hartman,93-03-31,MWWWN51688,4,677955,69060,19835,9,648,6
aliquam.eros@urnaNullam.com,Caryn,Graham,95-01-17,WWLHM33814,4,331776,59281,35696,4,927,4
Vivamus.molestie.dapibus@arcu.org,Imelda,Wiley,92-02-20,FWJYW02395,1,995147,46433,11091,9,689,2
dapibus.ligula.Aliquam@odiosemper.com,Aristotle,Clayton,84-04-03,RYLHH30895,4,979850,96845,77749,9,671,1
pellentesque.a.facilisis@ornare.edu,Jolene,Acevedo,72-03-05,DKQZN48929,1,981832,62217,50851,8,403,10
felis.eget@dolorQuisquetincidunt.net,MacKensie,Velazquez,80-12-26,JXCPA13656,4,528300,98272,44991,7,473,4
vulputate.risus@Pellentesqueutipsum.net,Cairo,Nixon,82-03-08,BWFTC37823,2,118329,15851,44554,9,277,1
elit.erat.vitae@turpis.co.uk,Gloria,Webb,51-05-20,RZWGW80206,4,181878,70504,73359,9,164,5
urna@diam.com,Emi,Adams,81-06-27,PNOMD09009,4,328016,82332,33606,9,795,9
adipiscing.elit.Etiam@auctorvelit.edu,Josiah,Payne,83-06-26,QOEJP02948,4,319726,20984,83491,4,247,5
primis.in@Donec.net,Fritz,Cochran,89-09-12,HDXTV64375,3,428206,59846,38989,5,828,3
sit.amet.consectetuer@idmagnaet.co.uk,Wylie,Simon,58-08-21,CMYOF57789,2,532099,95814,80038,4,147,8
Donec@euismod.org,Brent,Madden,59-07-03,KGVZH85700,1,839679,89026,76084,6,444,2
eu.eros@Sedeu.ca,Kaden,Colon,55-03-14,UYRSU60040,3,725732,50526,57452,7,698,7
lorem.ut@sit.org,Talon,Stanley,90-08-06,JBAKT80971,1,336252,97704,63302,7,926,7
ornare.sagittis.felis@Aeneaneuismodmauris.ca,Zeph,Palmer,80-11-06,VHGTB80890,4,686504,89656,90703,10,166,4
ornare.egestas.ligula@nequepellentesque.ca,Whitney,Blair,57-01-02,NOYAN36767,4,876752,16892,72677,8,110,9
ante.dictum.mi@nonummyFuscefermentum.org,Chanda,Cline,60-03-03,HHYLQ51686,2,439391,46878,92263,8,299,6
orci.luctus.et@condimentumeget.org,Ori,Mcguire,87-01-03,BPGJP94980,1,761556,88886,46858,4,652,9
Nulla.facilisi.Sed@diam.co.uk,Randall,Moore,64-03-18,EZGLP53669,1,591500,17227,53467,8,191,8
est@tacitisociosquad.org,Odysseus,Clements,50-08-12,GSIUG34405,3,672926,47946,96075,3,640,2
ad@luctuslobortis.org,Sheila,Martinez,79-02-23,NWERE77568,2,838182,16599,45746,8,765,5
magna.sed@musProinvel.com,McKenzie,Frederick,99-06-06,GKRYF29819,1,672423,32302,74500,10,309,1
nisi@facilisiSed.ca,Tarik,Frank,94-12-06,XMMKY16062,3,165081,27216,63643,4,224,9
nec@urnaNunc.ca,Jenna,Grant,81-07-22,BKYMO01136,4,906395,54071,35898,4,753,8
est@convallis.ca,Shay,Mack,99-01-25,SSSOX99238,3,250841,14243,40424,5,401,5
euismod@sed.co.uk,Sean,Rose,92-04-07,LAQPU38599,3,182230,34939,48584,5,997,7
dolor.sit.amet@turpisIn.edu,Trevor,Hill,95-11-06,WDBYZ20290,3,149125,86830,87525,4,599,6
Fusce@Cras.ca,Melyssa,Witt,70-10-20,TJWCG07978,3,544629,79814,86836,4,248,9
aliquam.iaculis@est.org,Mariam,Sanford,92-12-26,PDZAH75950,2,445397,32671,76655,8,225,8
pede.Cras@pedeCumsociis.com,Jerome,Carter,93-05-05,MIRKT64723,3,787968,48159,69091,4,745,5
bibendum.fermentum.metus@Proin.ca,Stephanie,Maynard,94-02-08,YNXEM85578,3,927858,38951,53250,8,508,4
dui.nec@purusmaurisa.com,Kristen,Hale,68-07-20,RRHBC04581,3,457111,28018,13795,5,574,5
fringilla.euismod.enim@dolortempus.co.uk,Kessie,Orr,63-03-21,VMFSR99209,4,147368,74350,17175,6,193,1
id@sed.edu,Dawn,Booker,98-05-30,RBBSO94780,1,407056,44321,30854,10,536,9
a.nunc.In@egetmetus.org,Steven,Compton,63-08-21,GSXCG50158,1,822805,72051,92178,4,961,5
lectus@pellentesque.org,Lance,Rollins,80-02-23,SDTXS85402,3,211021,64752,73130,9,522,10
ornare.placerat.orci@interdumenimnon.com,Cain,Valenzuela,55-10-26,VSZEK37893,2,479860,25010,97765,4,542,9
Phasellus@Loremipsumdolor.ca,Walter,Lindsey,57-05-14,TYOYS25406,2,533329,49313,13887,9,332,3
Vivamus.nibh.dolor@vitae.co.uk,Gavin,Kemp,75-03-30,YHYYK27017,3,535845,19721,26794,3,820,5
elit.pellentesque@ipsum.net,Rhiannon,Reed,56-06-19,KHUSS32207,4,396807,77376,40316,5,525,3
pretium.et@risusIn.com,Lyle,Robbins,54-09-14,OVYBY76128,2,620713,54494,64999,9,533,6
Etiam@ornareplaceratorci.ca,Ebony,Rocha,68-08-05,HFLJX09608,4,142089,82875,12401,9,909,10
Suspendisse.aliquet@interdum.org,Raphael,Stephenson,83-04-26,EIZFH07574,3,349830,43999,10711,6,812,10
adipiscing@estmollis.ca,Genevieve,Golden,58-11-23,BNMKD75813,2,274290,44589,10865,3,609,3
magna@vitaemauris.net,Galena,Silva,93-12-27,FGMGG98239,2,679551,35937,24431,3,413,1
aliquet@afelis.org,Mallory,Mcfadden,92-07-14,UPKKH06985,2,908273,17164,41447,7,942,10
Duis@volutpatNulla.net,Octavia,Barrett,99-07-31,TZDGZ12617,4,977442,96013,45606,10,234,10
nisl.arcu.iaculis@neque.net,Amber,Hays,89-04-18,LNBHF35832,1,875861,79161,41671,5,457,1
neque.In.ornare@Nuncquis.edu,Jasmine,Contreras,62-12-02,EOKVV35436,3,107528,86802,80373,9,904,10
ligula.Donec.luctus@Nam.edu,Jena,Carey,91-02-25,BZPQU52034,2,110364,91799,11025,3,886,2
lobortis.mauris.Suspendisse@maurissapien.org,Barrett,Becker,51-01-10,AFMBG19851,2,458408,87843,23195,6,563,10
elit.Etiam.laoreet@Ut.com,Branden,Jimenez,65-09-08,AASIT18906,4,611506,59632,39202,7,745,6
sagittis.augue.eu@idnunc.ca,Tyrone,Guerrero,88-01-29,DKNYT98462,1,571142,19555,52153,8,328,3
molestie.pharetra@lobortisnisinibh.com,Quin,Hampton,80-05-08,JXXRP82266,3,479819,44642,69588,7,702,5
posuere@Mauris.ca,Ray,Stanley,72-10-06,AMOQA17933,1,882227,54988,11936,7,891,8
dictum.eu.placerat@utdolordapibus.co.uk,Autumn,Hahn,54-12-15,LAKOM51449,4,973162,43610,15213,3,693,3
odio.tristique.pharetra@felisullamcorperviverra.net,Dana,Sanders,55-06-14,UGNCF99517,2,654052,29056,47968,10,410,4
Sed.congue@nulla.ca,Chava,Conley,52-10-07,QPJBR02091,4,505600,58518,53115,8,989,10
sem.Pellentesque.ut@aliquetsem.co.uk,Chadwick,Woods,59-04-18,KIIPC50790,1,162516,40612,25282,8,769,9
at.augue@consequatnec.net,Kennan,Leon,84-12-28,LTGMQ35183,1,293480,59714,97594,4,187,3
vulputate@ategestas.edu,Callum,Calhoun,68-03-27,BCMZB42700,2,355321,20846,57183,10,190,1
auctor@velitegestaslacinia.co.uk,Christian,Cole,85-09-27,QPZOX85169,3,224430,36471,27223,7,685,8
mi@Cumsociisnatoque.ca,Gillian,Hughes,59-05-06,LIXMC36689,3,499780,54027,46542,4,849,8
euismod@eratVivamus.org,Desiree,Booth,54-01-03,VVHCN95977,1,443587,22756,15265,3,747,1
enim.gravida.sit@malesuadaaugue.co.uk,Jakeem,Wheeler,79-02-22,SSSSI13043,1,800903,25613,30140,8,945,5
tincidunt.pede@necmollis.co.uk,Ali,Fox,67-11-30,ZOPCQ51512,2,791163,91853,62347,7,492,9
et.lacinia@etmagnisdis.org,Winter,Puckett,89-08-30,CBBOS69831,1,654139,17917,48667,7,750,4
congue.elit.sed@sedpedeCum.net,Chester,Ryan,74-04-17,WXRMV26792,4,574586,17132,94340,9,934,3
ornare.elit.elit@idenimCurabitur.net,McKenzie,Schwartz,70-09-02,HKJTO26419,3,794490,14265,32694,9,848,7
Duis.sit@Sed.org,Daria,Luna,94-04-20,XNVMX24705,4,905259,87143,36821,10,894,6
et.pede@Sedeueros.edu,Kylynn,Glover,82-08-24,FHGTL73688,4,435793,85511,50660,10,110,6
nisi.magna.sed@taciti.co.uk,Stone,Dennis,58-05-27,GXZYF47074,3,807704,82579,79556,9,108,2
nec.euismod.in@Sedeueros.ca,Marvin,Delaney,97-05-11,SAQKM03626,2,717665,57740,20803,9,694,7
lobortis@lobortis.edu,Jennifer,Wynn,77-06-02,EVTEV05635,4,531101,21661,82803,5,494,9
Aliquam@diam.org,Rose,Guerra,68-04-07,BDBND33443,4,769864,98512,43145,7,270,4
commodo@elitdictum.org,Lee,Stein,61-10-23,TCIIT15908,2,595434,22634,18345,10,129,5
nec.urna.suscipit@felisadipiscing.edu,Jack,Mcleod,91-09-15,RFZCH48433,3,299945,56446,51728,7,786,8
felis@Loremipsumdolor.org,Victoria,Mays,83-02-06,VDUJE11339,2,124627,65440,94935,10,770,8
luctus@urnasuscipit.co.uk,Casey,Ramsey,77-01-25,JICFI05456,2,727387,72075,45947,7,526,2
Suspendisse.sagittis@eleifendnuncrisus.org,Yen,Ayala,85-09-08,UPNVH27727,4,260165,47384,20474,10,546,1
ut.cursus@Fusce.edu,Cassady,Albert,53-11-27,DYLVB67922,1,764114,75244,93786,3,966,7
elit.fermentum@quam.org,Nina,Knowles,75-01-08,ZFDOJ38852,4,957478,52045,96836,10,421,5
arcu.Curabitur@natoque.co.uk,Amity,Bailey,90-09-29,MRFUO38905,2,117425,75723,19194,10,629,2
Nunc.sollicitudin@blanditcongue.edu,Sloane,Dalton,77-06-05,JHVEU85563,3,330431,38471,87459,6,472,7
elit.elit@semmolestiesodales.com,Megan,Mccormick,59-03-09,BCJGO89247,2,573884,86586,92316,6,479,8
sem.ut.dolor@consequatdolor.org,Maite,Meyer,83-11-27,PEAUF00207,3,298558,15105,52869,4,653,2
tellus.imperdiet@pharetraNam.co.uk,Dalton,Langley,55-07-15,QMBLQ96712,3,673186,18466,48076,7,579,6
neque.Sed@morbitristiquesenectus.net,Donovan,Becker,83-03-11,YYFLF53725,3,527934,56908,79447,3,473,2
malesuada@tinciduntvehicularisus.co.uk,Burton,Tillman,77-09-13,HUCRG67349,2,716799,79396,90253,7,647,8
gravida@fringilla.com,Shelby,Hale,94-05-02,YOBER39687,3,302280,21540,11003,8,534,2
nibh.vulputate.mauris@Duis.com,Dustin,Chaney,68-08-18,QYCJC68324,2,843305,37066,69760,3,452,5
dui.Suspendisse@nuncnulla.com,Brandon,Fields,96-07-27,LZIWK82977,3,387801,78859,94223,8,913,10
nec.euismod.in@elit.org,Hilary,Pickett,79-09-18,SWOUE64732,3,620325,20277,72928,6,795,3
elit.erat@nonloremvitae.co.uk,Demetria,Tyler,98-08-28,DFTYM50695,4,851002,14596,84946,5,825,8
torquent.per.conubia@hendrerita.org,Nichole,Douglas,86-08-29,YISZQ78590,4,749920,26049,15483,10,435,2
arcu@tincidunt.net,Eleanor,Duran,82-02-14,GRCOY55762,3,241111,21740,97554,9,864,10
egestas.Sed.pharetra@eget.co.uk,Emily,Macias,96-03-25,AZWXC87352,3,413804,90866,67215,4,462,6
facilisis.eget@egestas.ca,Ishmael,Sloan,72-04-28,CFVIL25420,2,624783,91632,81693,10,471,1
vitae.dolor@nec.ca,Candace,Barnett,59-09-15,BRGIM96098,4,350063,76458,30347,10,186,9
Vivamus.euismod.urna@vellectusCum.ca,Colin,William,84-05-02,YQPHG94949,4,568329,26682,28284,5,371,4
nibh.Donec@quisaccumsanconvallis.net,Kendall,Matthews,85-10-27,BWUFB71554,4,928651,14487,77871,6,964,5
ipsum@erosProinultrices.co.uk,Nelle,Morales,74-04-24,EDYIT01248,1,174667,65559,21030,4,544,5
in.molestie.tortor@In.edu,Gavin,Vincent,54-08-16,UAEPN47658,4,110036,20278,57320,7,329,8
Cras.eu@elit.edu,Sawyer,Tran,83-04-14,GETMV70565,1,988050,89556,35757,4,287,2
nonummy@erat.net,Marvin,Valdez,84-05-01,LGXOJ77230,3,109263,15253,35141,4,866,10
aliquam.eros@duiFusce.edu,Cody,Garrett,63-10-07,NIJMC00958,4,960841,89577,21436,7,818,6
sed.leo.Cras@nislelementumpurus.org,Alexander,Alford,56-02-21,BSBQR12504,3,483799,58680,54490,4,673,2
ut.nisi@tellusnonmagna.net,Ori,Gibson,81-07-21,WCDZS01950,4,138915,86111,35711,9,788,7
tincidunt@nuncullamcorpereu.co.uk,Coby,Waters,66-11-15,NNLWQ49384,2,777221,68667,90110,10,323,10
tellus@tinciduntnequevitae.co.uk,Tana,Chen,59-05-08,XLGUA86166,2,643727,81158,77599,3,501,10
lectus@pedePraesenteu.com,Christopher,Ramos,55-03-29,GTRTK75347,2,454932,16261,96474,9,136,5
amet.nulla.Donec@anteiaculis.net,Hilary,Barker,55-05-08,QUEGI30730,3,939810,96881,30107,5,684,6
Integer@Quisquepurus.net,Brooke,Greer,79-06-14,CXKRV07358,2,100114,76076,71091,3,948,8
non.luctus.sit@nuncsedlibero.net,Farrah,Olson,61-10-06,WZYTP98739,1,329262,94851,74719,5,422,4
risus.Nunc@at.net,Amery,Crane,93-02-24,FVKQU39025,1,193935,51347,54575,10,180,5
placerat@tellusloremeu.com,Vance,Parks,67-02-14,SYKMU74838,1,855266,48096,86435,6,281,5
velit.justo.nec@vehiculaPellentesquetincidunt.co.uk,Kevyn,Conrad,78-06-24,IMNYA08329,3,376200,39024,36824,9,245,10
consequat.auctor.nunc@ante.co.uk,Shana,Melendez,92-10-11,RMGGN16721,3,660795,77587,94117,8,714,6
neque@gravidasit.ca,Xantha,Guerrero,64-11-03,QLTMP23330,1,556838,53736,78419,4,600,3
ipsum.dolor@sapiencursusin.co.uk,Jemima,Stark,97-09-29,XMKWH26144,4,561311,95036,44929,7,246,7
urna.suscipit@lectusante.net,Alma,Norton,92-10-09,YOSAM42746,2,432629,87376,70897,4,804,10
eu.neque@fermentum.com,Armand,Rosa,96-06-04,APWFS59656,3,587486,24890,32147,7,982,4
Maecenas.malesuada.fringilla@leoMorbineque.ca,Ethan,Benton,62-01-09,JGIQF07675,2,360097,73197,68562,3,340,9
risus.Morbi.metus@amet.org,Madonna,Collier,61-03-13,PPAEQ99886,2,650796,78575,60547,5,776,1
in.faucibus@dis.ca,Yoshio,Grant,73-05-04,YYVUW68436,1,623306,62010,49718,10,859,6
ultrices.Duis.volutpat@Nullamvitae.edu,Jemima,Dickerson,63-09-06,GPGFI13578,1,683726,68961,26069,3,940,8
Cras@semper.org,Whoopi,Hurley,97-10-09,GJTMA67572,2,295224,81508,18553,3,126,5
congue.a.aliquet@Duis.net,Eaton,Schmidt,68-09-30,TWIEI45088,4,279197,26375,64003,5,716,9
blandit.congue.In@seddictumeleifend.net,Tate,Hess,72-11-30,INFMZ97057,1,115072,29931,92016,7,886,9
Curabitur.massa@hendrerit.org,Christopher,Dalton,85-01-22,WCCDS66763,1,509494,43273,97162,3,144,9
nunc@primisin.net,Honorato,Stanton,54-01-12,JLPEH36969,1,721981,55164,97840,4,747,9
id@adipiscingligula.com,Damian,Bridges,67-11-25,POSNS19369,3,362564,91830,37658,5,570,2
elit.Curabitur@Sed.net,Vivian,Everett,50-04-20,LRWOJ81829,3,366074,54500,63799,5,250,7
lobortis.quam.a@massaQuisqueporttitor.edu,Sonia,Carpenter,89-01-27,OVEBY93199,1,315198,15924,46094,9,463,6
sit.amet.luctus@enim.co.uk,Bevis,Ballard,95-08-25,GLSQF46810,4,482777,22404,23842,3,740,1
orci.in@lectuspedeet.ca,Yen,Gibson,58-07-07,BYYYG30962,1,113199,27540,71841,5,467,5
Duis@tristiquepellentesque.com,Lillith,Gross,57-09-12,GJZBU20095,3,791739,73654,66693,7,986,3
vel.turpis.Aliquam@lobortismauris.org,Uma,Burgess,72-02-10,CQNRI75441,3,460847,78873,66820,6,508,8
Cras.dictum@consequatenim.edu,Micah,Mccullough,56-05-14,RCAHZ57087,4,861670,82378,89823,8,477,7
a.sollicitudin@porttitor.com,Ryan,Harper,96-02-13,ERETG55598,3,210957,75945,25581,10,113,2
vehicula.aliquet@Aenean.edu,Ralph,Swanson,54-07-09,WFKQW82952,4,483915,88114,65538,10,818,6
tempus@nunc.ca,Ronan,Sims,78-03-11,VTQQF63978,1,629479,31452,44482,5,766,7
gravida.nunc@quistristique.ca,Fitzgerald,Warner,62-07-20,GENPI59381,3,707372,58012,17342,7,245,10
accumsan.sed@atortor.com,Evan,Garcia,69-02-09,KUTQK33310,3,906560,71386,37410,3,600,10
placerat@anteblanditviverra.net,Samuel,Rocha,65-03-30,WBFGV19408,4,412531,84037,37603,5,740,8
Maecenas@arcu.org,Clark,Dodson,56-01-21,SQFHD02158,1,228130,54412,49738,3,550,6
et@necmaurisblandit.com,Allegra,Skinner,95-04-06,TKJBR77433,4,164178,10149,75068,7,569,5
hendrerit.id@neque.net,Kenneth,Ortega,86-03-27,MNRQM02630,3,289899,50257,45977,4,557,4
Integer.aliquam.adipiscing@neque.com,Karly,Franco,94-12-28,KNFWI50348,3,295702,20858,85223,3,675,6
nulla@accumsansed.net,Orla,Moran,88-03-13,PSDPF66581,3,737906,94991,76675,5,171,8
scelerisque.neque@ultriciesdignissim.edu,Kaitlin,Gilbert,51-03-23,DSXZT54981,1,161155,51765,89339,5,578,8
quis@ultricies.ca,Merritt,Stevens,54-07-27,RFOAQ88932,4,153700,95170,83619,5,327,9
cubilia.Curae@molestiein.org,Patrick,Gay,85-12-11,NOSEV27694,1,147261,98909,95076,9,943,6
tincidunt.dui@Vivamus.edu,Lila,Hurst,95-01-01,NPZSG12574,4,307057,22595,11109,4,109,1
nisl@Integermollis.ca,Bruno,Glover,89-08-28,LOSUA82946,1,193464,93096,60903,4,526,9
ipsum@interdumNunc.co.uk,Farrah,Blackburn,93-10-06,ZNFEK47572,4,268904,29266,96412,9,393,4
ut@arcueuodio.edu,Kasimir,Stein,86-04-02,MQKTE12756,1,907964,78720,96227,10,187,3
Curabitur.sed@id.net,Unity,Michael,72-02-05,BUFFQ89075,1,580427,64968,59718,9,356,9
Duis.cursus@ac.ca,Amber,Wallace,93-07-01,KXDRR49375,2,422827,15069,95367,7,840,1
tempor@lacusMaurisnon.edu,Thane,Lynch,65-10-09,DBTQI11191,4,237003,36949,29812,3,312,10
eget.volutpat.ornare@Duisa.co.uk,Azalia,Allen,77-07-12,BXOPF41118,3,233460,38517,12641,7,190,7
nibh.lacinia@commodotinciduntnibh.org,Dana,Cannon,85-02-17,UIUHJ35571,3,587522,63832,74654,3,170,10
rutrum.magna.Cras@eu.org,Yoko,Mason,68-07-30,SILQF09269,1,862732,11402,84018,7,964,6
Morbi.quis@rhoncus.net,Alika,Fulton,85-02-05,AEGVA80550,1,946062,48708,93862,6,886,3
ridiculus@ullamcorper.com,Amela,Allen,63-04-27,UNNHI99547,1,275247,98683,35004,7,597,7
vestibulum@pedesagittisaugue.edu,Maris,Schroeder,54-05-12,YLIDW39896,1,637706,57757,45397,6,313,4
fermentum.fermentum.arcu@ipsum.co.uk,Tyrone,Mercado,78-11-03,ZXRGP69830,4,939441,56048,66880,4,232,5
et.magnis@sit.net,Cedric,Hodge,71-02-01,UAJJP39806,4,121218,42944,25673,4,280,2
tellus.Phasellus@gravidanon.com,Colton,Hess,94-04-20,LACCI57298,1,680086,53766,38692,10,702,5
vulputate.eu@dolor.net,Berk,Sharp,87-07-16,CPBKQ04994,2,521436,80166,21896,7,756,10
feugiat.non@molestiesodalesMauris.org,Zenia,Duncan,96-06-23,DPFFB87745,4,566709,99264,69153,5,691,9
eget.varius@nonarcuVivamus.co.uk,Jermaine,Dennis,53-03-20,WQWNF84466,2,646650,50611,75467,3,968,7
enim.mi@inconsequatenim.net,Mufutau,Guzman,71-04-24,HTUAE40682,2,665636,57784,60258,7,516,6
egestas.ligula.Nullam@Seddictum.co.uk,Amaya,Hoffman,58-01-30,GOVEA48078,2,746159,88933,88963,4,129,8
Mauris@semmollis.ca,TaShya,Clements,75-01-05,RGTYX01657,3,804215,19973,54137,9,943,9
eu.odio@ultricies.ca,Haviva,Charles,73-08-14,APVAE86133,2,721636,40388,55615,6,704,1
nisi@velvenenatisvel.org,Gil,Beach,86-08-06,FSTMK27707,1,324952,82880,95061,6,421,7
tempus@Duis.com,Mona,Weber,90-09-07,DHREX52894,2,388120,44613,26231,3,405,7
consectetuer.adipiscing@ullamcorpermagna.edu,Ulla,Mcgowan,57-08-15,CRZER44911,4,621629,70802,54798,10,899,8
magna.Ut@semperNamtempor.co.uk,Porter,Obrien,67-07-20,KTURV76717,3,478796,63885,50009,4,395,2
ipsum@dolorvitae.ca,Plato,Huff,70-02-19,RZSAV39880,2,339214,95706,42596,3,317,4
sapien@egestas.co.uk,Unity,Dillon,99-07-26,MGQEL12097,2,458413,44851,22355,7,288,8
Quisque.varius@magnaDuisdignissim.edu,McKenzie,Payne,80-11-18,WXQHG95246,3,254663,67745,78060,9,675,10
id.risus.quis@dignissim.org,Zoe,Buckley,94-01-21,QEEBG82823,3,597828,17547,20166,8,234,8
feugiat@consectetueradipiscing.com,Chava,Melton,56-06-18,GADYA80465,3,516120,97017,62933,4,555,5
elementum.at.egestas@lobortis.ca,Blythe,Weaver,84-06-28,DEXXR46423,4,605665,27931,31471,6,698,1
diam@felisadipiscingfringilla.net,Dillon,Hunter,80-11-13,LYRUV18760,2,876807,81993,18600,10,138,4
sed@sedturpis.edu,Brady,Garrett,94-06-22,QMLKJ32315,3,181161,15713,69301,9,173,4
tincidunt.congue.turpis@lobortisClass.edu,Nicole,Gates,60-09-06,CZKUW59819,4,971342,82830,94346,8,851,3
id.mollis.nec@nuncsit.ca,Griffith,Conner,66-08-25,UJRJS79252,3,454708,94568,32737,5,612,2
vestibulum.neque@enim.co.uk,Heather,Christensen,53-07-31,BYFMV60631,4,874422,26324,40036,9,182,7
ipsum.dolor@rutrumnon.com,Tucker,Elliott,51-10-21,KWIRE25433,2,699747,67749,73335,8,981,1
risus.varius.orci@pedeblanditcongue.org,Tana,Mckinney,59-04-18,FMROK24349,1,341451,46539,91712,9,235,9
quis.accumsan@ac.co.uk,Melinda,Gibbs,52-05-24,YCEJZ94686,3,416105,52167,34243,10,490,10
aliquam@dapibusrutrum.org,Madeline,Ochoa,76-09-21,SKGXM63838,2,139919,80922,39190,3,389,8
Maecenas.iaculis.aliquet@metus.co.uk,Hamilton,Burton,98-10-10,CPNAN94964,1,874187,46808,75410,7,256,7
nec.cursus@a.org,Jin,Delacruz,58-05-06,ZRYUO14381,3,753902,36693,81147,7,517,9
in.hendrerit@Praesenteu.ca,Brendan,Williamson,83-02-06,KKVJG12076,2,937921,46397,66504,10,442,8
quis.pede.Suspendisse@nec.ca,Sydnee,Le,76-10-17,AJYNB22396,1,982002,89065,38184,8,812,4
Lorem.ipsum@insodaleselit.edu,Rylee,Griffith,52-05-02,TYNWE94121,4,552116,92315,32638,10,250,3
Proin@liberoProin.org,Bruno,Martinez,72-12-28,CPLKL31463,3,612214,89496,26724,6,652,4
lobortis@Proinsed.edu,Mikayla,Dorsey,81-11-19,WHSWH53382,4,655904,15633,86097,10,665,9
purus.in.molestie@lacusNullatincidunt.com,Rachel,Marshall,83-12-27,AIBPX18556,2,787989,26274,67483,7,343,5
Suspendisse.commodo@tellus.edu,Hyacinth,Mcmillan,82-02-11,IRDXL28065,1,391575,61479,75943,10,257,5
sollicitudin.orci@id.com,Yvette,Briggs,73-08-01,RUNOY24131,2,860243,29751,15822,9,244,10
Quisque@Aliquamauctor.ca,Alyssa,Riggs,82-05-01,YEDDT01003,3,841208,69033,93738,4,954,4
rutrum@Maecenasornare.com,Ursa,Randall,67-06-02,HROAT13795,2,493103,37268,56073,6,884,9
Curae.Phasellus.ornare@tempusmauris.net,Kevyn,Love,59-07-04,RASMR20980,4,982377,98779,39183,3,243,4
neque.Morbi@Inornare.edu,Valentine,Le,69-10-20,IETLA73032,2,815050,62730,43024,9,918,1
magna.a@dolorQuisquetincidunt.com,Oprah,Flynn,70-05-07,QVFAR03940,2,701023,41277,59665,6,797,10
molestie.orci@Inornare.ca,Dawn,White,61-08-17,ATVEF45124,1,549997,40580,86191,10,856,3
diam@sitamet.com,Zelenia,Carver,66-04-05,AKLZR97881,1,678173,39327,73628,4,266,4
at@eumetus.net,Keith,Wong,60-05-17,JDRPW29042,2,958908,71004,11907,7,952,8
urna.suscipit.nonummy@volutpatornarefacilisis.org,Jacqueline,Guy,63-11-25,WXZCQ67582,2,517373,59362,75127,6,876,7
porttitor.vulputate@nisl.net,Adele,Little,59-06-05,GWAUC39830,2,201998,80346,31169,3,432,2
vel.sapien@Fuscealiquamenim.co.uk,Cora,Gay,57-08-30,TXWNE96863,1,969376,76353,59179,4,974,8
leo@ametornarelectus.org,Gay,Melton,69-11-10,LKXMA98943,2,708762,10830,30058,4,227,9
blandit@tinciduntorci.org,Richard,Horton,71-08-30,EFBRH05131,4,998433,55132,15812,3,509,6
eros.nec.tellus@molestietellusAenean.net,Ivory,Puckett,56-11-18,HLXSQ73358,1,593237,27846,68155,5,1000,1
molestie.in.tempus@enim.net,Macey,Myers,93-04-05,LOKGW64825,2,455965,75831,18047,8,294,10
tristique@Craseu.net,Troy,Saunders,59-12-10,KMDEQ69249,4,815332,61597,37344,9,266,1
condimentum.Donec@Sed.ca,Quynn,Phelps,89-05-01,ESSCR74500,4,222037,82239,41714,6,503,1
erat.vel.pede@Donecconsectetuermauris.org,Nyssa,Anthony,72-07-28,ZBEAY21916,2,579416,15731,28333,4,245,7
velit.in.aliquet@etmalesuadafames.org,Gareth,Burgess,55-10-26,RBEWL69540,2,399142,81635,46409,8,247,6
commodo.tincidunt.nibh@tristiqueac.net,Jarrod,Villarreal,75-07-01,QIHHO84456,1,453606,68950,52764,6,197,5
ligula.Nullam@justo.ca,Idona,Britt,84-12-11,WISSD86185,1,954570,52701,10683,3,439,7
ut.dolor.dapibus@etrutrum.org,Maile,Drake,81-03-15,FQSHN51145,1,601771,82163,52254,5,668,3
Maecenas.mi.felis@iaculisodioNam.edu,Mallory,Cole,94-11-17,VIRWA19578,4,901820,14214,57313,6,472,3
Pellentesque@sociis.org,Molly,Case,61-01-12,WBWJF58958,1,995984,85596,96970,3,432,9
eu@vehicula.org,Rooney,Lang,73-08-06,UCBTG86890,3,972653,57689,82542,9,623,8
venenatis@molestie.net,Dieter,Pope,55-06-04,NKHHD69431,3,684581,46876,50660,4,331,5
ullamcorper.viverra@euismod.net,Plato,Kelly,54-09-27,QMALL82739,1,297198,77113,70508,8,950,3
elementum@Cras.ca,Martena,Whitney,85-08-17,ABSQC74389,1,108361,31435,24349,5,956,5
at@idmagnaet.net,Clark,Welch,80-02-28,PBOVZ24260,2,234173,75427,67630,8,671,5
tellus@nequeInornare.edu,Carol,Warner,61-12-08,HJGMC83121,4,881667,67852,26406,4,261,9
lacus.Etiam.bibendum@ligula.co.uk,Nero,Skinner,84-12-19,IYGUZ44296,4,715337,26404,25730,6,113,7
amet@risusNuncac.ca,Cassady,Holt,75-08-07,JOPFD92431,2,835895,81247,12957,9,617,5
augue.ac@molestie.edu,August,Gay,96-09-08,ZKDKW82341,3,124911,74955,95846,8,748,4
penatibus.et.magnis@nisi.net,Jillian,Skinner,96-10-01,QWOGX38554,2,117869,84055,53207,7,403,1
ipsum.primis.in@risusvariusorci.edu,Karen,Berger,80-07-18,JMILU20877,2,426759,64273,62078,6,874,1
euismod.est@nectellus.com,Brady,Gross,75-01-29,KAIQO96043,2,487022,51861,72729,6,840,3
nec.euismod.in@viverraDonec.net,Fitzgerald,Warner,87-03-29,TXWPE91461,3,423661,62908,68624,10,439,1
Lorem.ipsum.dolor@utipsum.co.uk,Camden,Adams,97-06-18,EQVWO98177,1,932043,15235,12949,5,489,8
Class.aptent@Donec.com,Ulla,Langley,74-05-11,AHAHR90780,2,537441,19398,40464,9,490,2
sociis.natoque.penatibus@vestibulummassa.net,Alexis,Velez,91-02-18,PWJMU34323,2,227147,92035,54940,7,181,6
auctor@ipsum.ca,Rachel,Pearson,75-12-08,DMHIX20978,1,525105,19216,88169,10,773,4
Suspendisse@tincidunt.com,Jared,Mcneil,78-09-28,RJCMI11982,3,644605,25719,88470,6,575,9
Aliquam.ornare.libero@imperdietullamcorper.net,Quincy,Cannon,71-02-28,RPERE50388,4,227122,84433,51045,5,529,1
pharetra.Nam@eget.edu,Chava,Duffy,67-01-20,LITCP55877,3,160757,46701,96619,5,317,10
felis@ac.net,Aidan,Torres,73-09-17,JXQOX33068,2,797058,59871,65652,5,766,4
at.arcu.Vestibulum@Donec.org,Clare,Alford,97-01-01,RXUNC09133,3,940357,85530,65627,8,279,10
leo.Cras@ultricies.ca,Timothy,Huber,67-06-06,EQCAT76523,2,507727,26385,74695,3,602,1
inceptos@etmalesuada.ca,Allistair,Bass,87-08-06,VFIWP96492,2,978532,88269,23409,4,732,10
risus.Morbi@estac.net,Armand,Ayers,66-10-28,VVRIU00975,4,466440,16402,20473,4,575,1
interdum.libero@libero.ca,Eden,Hendrix,97-05-25,SNJGS37632,1,105991,90490,70227,6,614,2
leo@aliquam.ca,Joan,Mckay,96-04-23,HADAH55334,1,533825,79392,21697,4,340,1
massa@etpedeNunc.net,Armando,Munoz,58-06-09,VSSXR00898,1,445880,20314,93586,6,172,2
vehicula@ipsumPhasellus.ca,Trevor,Valenzuela,59-06-17,HVYFU99505,3,256300,69237,32456,7,405,3
mauris.id@vulputatemauris.ca,Nero,Harrell,73-10-22,PGHJE99517,2,824742,70007,72850,10,903,7
accumsan@rutrum.org,Lacota,Joyner,85-09-28,EGJXR63807,3,170234,90568,52545,6,160,10
Praesent.eu@ami.org,Ryder,Cooley,95-08-29,WSDMB43371,3,648945,71491,71174,7,402,4
faucibus@volutpatNulla.net,Hector,Drake,94-05-07,FGEMJ14202,4,218920,36914,20976,9,305,10
at.pretium@neceuismodin.co.uk,Zenia,Hutchinson,75-03-10,YVGIU73783,4,180123,89878,50966,6,889,6
est@ipsum.org,Francesca,Oneil,58-07-25,GLAEX64118,1,986797,53164,43807,4,106,4
et@lorem.org,Myles,Carey,52-11-15,VYNVB79024,2,293088,89932,19186,9,748,9
molestie.in.tempus@turpis.net,Faith,Jordan,94-05-11,YUNRX85726,2,163203,84756,11328,3,1000,3
montes@lobortis.ca,Noah,Schneider,84-01-23,ROZQF96484,1,582528,77821,59814,8,316,9
enim.Curabitur.massa@est.co.uk,Connor,Cross,68-04-14,SFRXV69892,3,557514,84845,54759,3,151,5
sagittis.lobortis@odioPhasellusat.co.uk,Dalton,Wiley,78-03-27,QCWBN57798,4,590343,55601,15234,4,977,2
amet@lobortisquam.org,Nash,Riggs,56-02-09,NDGGF51901,3,807603,26422,19761,8,831,7
tincidunt.congue@consectetuer.co.uk,Regina,Kirk,61-04-19,QBHYZ77080,1,480743,40192,29709,9,946,5
urna@primis.net,Madison,Knapp,67-02-13,HZMGJ99576,4,109577,98065,47511,5,839,7
luctus.et.ultrices@sedturpisnec.co.uk,Clayton,Ortega,52-06-02,HNIJM24540,4,852277,86042,54275,7,678,9
aliquet@pharetrautpharetra.co.uk,Rana,Calhoun,74-02-11,KJAKD72791,1,967416,12891,24982,8,989,5
id.ante@elitafeugiat.net,Galvin,Mcdaniel,90-03-31,UCDEO58884,3,714483,83557,93765,5,258,9
Phasellus.elit.pede@Etiamvestibulum.edu,James,Wise,87-01-10,XGHXI22898,1,557468,29922,15743,10,651,1
Aenean.egestas.hendrerit@pellentesquetellus.edu,Chaney,Dillard,92-11-23,LDQFI63161,1,505611,31491,74563,7,764,7
nisi.Aenean.eget@lectusante.co.uk,Winifred,Wilkinson,82-08-31,BPPVE88334,2,776529,74387,62957,5,274,6
semper.erat.in@ipsumprimisin.ca,Lois,Ward,50-01-19,QDXJX99698,4,377208,37158,51443,4,863,9
tellus@lectusquis.edu,Devin,Simmons,90-10-26,PPUIW59692,3,517429,87759,64030,8,644,3
tellus.Aenean@odiovelest.net,Urielle,Walter,67-01-22,BDOPV73730,1,966275,93654,41639,3,325,5
tincidunt@mattisornare.org,James,Hawkins,94-06-13,WDQMZ76609,3,254267,99317,53938,6,169,2
Aliquam.nisl.Nulla@malesuadafamesac.org,Beau,Oneal,87-10-12,FVKPH18535,4,178336,46607,17071,5,565,10
nunc.sed@Nunclectuspede.edu,Claire,Ryan,96-09-11,EFVZO22948,4,933591,42294,30504,9,107,3
Mauris@nequepellentesque.com,Ryder,Henry,57-04-26,BCQVD68040,1,841130,95212,42489,10,570,1
egestas.urna@lacusEtiambibendum.net,Hayley,Wilkins,91-07-20,TOMPI58551,2,614134,13859,92216,3,452,4
ornare@rutrum.ca,Jael,Hart,72-07-09,TLHYW69554,4,480084,69887,15503,10,999,7
iaculis.odio.Nam@aliquetodio.org,Abigail,Boyer,92-11-18,GNLAN02962,3,794167,55439,55974,6,462,3
lacinia.mattis.Integer@velit.ca,Quynn,Wooten,61-03-19,KBGSM10551,1,383826,82207,64485,4,970,7
Phasellus.elit.pede@duinec.com,Lael,Holder,85-01-16,BGWHN53147,4,232423,35855,27221,7,791,10
facilisis@arcu.edu,Maryam,Mcmahon,66-08-30,SVGTM59693,4,234259,82007,16412,10,933,9
tellus.eu@lacuspede.edu,Amena,Contreras,93-09-04,BAQGM63604,4,952922,39185,12536,6,703,2
pellentesque.eget@augue.org,Brianna,Lynch,92-02-17,AXYBC89548,3,322152,99328,84235,4,766,2
bibendum.fermentum.metus@faucibus.com,Ivor,Bolton,85-12-16,QQJJB21177,1,581261,85358,33890,6,819,7
aliquam@malesuada.ca,Destiny,Duncan,51-03-28,PKICO10229,2,917656,25423,86872,5,318,1
Cras.pellentesque.Sed@consequat.com,Stephanie,Blevins,62-07-31,PJTLW91666,1,278852,89552,63596,6,453,7
Cras.eget.nisi@accumsanconvallis.ca,Shelly,Lucas,81-10-29,YYBAU55254,3,777148,57274,55959,10,223,5
quam@fermentum.net,Rhoda,Beach,78-05-07,SYNRS36127,3,845591,59806,68043,8,776,9
ut.eros@urnajustofaucibus.com,Kaitlin,Ware,65-07-04,MXLMJ89538,1,780797,79698,82357,8,219,4
enim.nec.tempus@idrisus.ca,Phillip,Bass,64-06-02,VCWSB73312,1,441078,23675,68506,9,949,1
lectus@amet.edu,Reece,Mcleod,96-08-09,WNVKP49148,4,924876,84456,24760,7,338,4
at.libero.Morbi@enimNunc.net,Kane,Brooks,62-06-07,UMIJH69394,1,929889,30327,14273,10,663,6
arcu.Nunc.mauris@acmattis.org,Quyn,Mclaughlin,98-03-17,GXLLH57044,4,762263,10227,76452,3,888,8
pharetra.ut@maurisipsumporta.org,Aspen,Fisher,85-03-22,MEIKU68129,4,976757,48467,73752,3,439,1
Ut.tincidunt.vehicula@lacusQuisquepurus.edu,Ira,Gentry,71-12-17,QQTEF58307,1,203113,24170,31335,3,207,5
mollis.dui@elitafeugiat.ca,Quail,Frye,52-10-30,AMQHV76106,4,220131,17915,95215,5,687,9
augue.Sed.molestie@elitNullafacilisi.ca,Naomi,Leonard,75-08-04,JECOB23187,3,635945,74380,64935,3,185,5
convallis@morbi.edu,Vivien,Cox,68-05-18,ADNFZ18400,1,714347,18069,33930,9,162,3
Duis.elementum.dui@sitamet.net,Oprah,Pate,78-04-13,LDIMK57790,2,411793,63525,82148,3,559,3
a@dictum.co.uk,Stephen,Waller,71-06-15,WHWWL65917,1,854752,76267,62573,8,583,6
amet.ornare.lectus@Curabiturconsequatlectus.com,Brian,Guy,71-07-06,COQAZ38428,1,257325,46770,46220,6,328,7
Duis.risus@iaculisaliquet.org,Audra,Bender,71-04-23,FJMJC23305,3,578703,78654,22987,9,778,3
mauris@Fuscefermentumfermentum.com,Stacey,Monroe,79-10-11,ZWJED78189,1,140003,75636,99909,3,552,2
neque.sed.dictum@senectuset.ca,Tallulah,Grimes,89-11-19,DCNCX74340,4,996921,63773,30929,7,658,5
Maecenas.iaculis.aliquet@ornareIn.co.uk,Hedley,Davis,83-05-26,BIPIS89508,4,790397,94223,64246,4,934,6
id.magna.et@ipsumdolor.org,Amena,Williams,81-01-23,VXRDK56684,4,100596,56512,59301,3,882,9
sed@pede.com,Patience,Hancock,67-08-22,AMBWI47219,4,288958,97350,27164,5,913,2
magnis.dis@estcongue.org,Kyle,Johns,58-05-23,IITEY47905,4,135659,75042,32198,7,373,5
ipsum@gravida.com,Tanisha,Sweet,82-11-15,PUGTS23291,1,702832,40365,11088,8,866,2
faucibus.Morbi@Duisac.net,Abraham,Frazier,62-07-31,XRIGM31122,3,951165,68326,77383,8,709,1
ante@sollicitudinamalesuada.ca,Lacota,Espinoza,56-06-15,PVNQS63836,1,507524,79550,36933,7,118,6
fermentum@felis.edu,Aristotle,Kent,99-08-02,JDVMQ60582,4,815473,44224,92811,4,426,7
lorem@ligulaDonecluctus.net,Jillian,Baxter,52-08-02,JQGOO81524,4,137580,42988,38498,7,936,3
non.sapien.molestie@facilisiseget.net,Ramona,Weber,89-03-26,PJEDE45107,1,201745,42621,87155,3,830,1
convallis.est.vitae@odioEtiamligula.ca,Finn,Morton,83-01-06,KWBLR06256,3,773237,32643,88662,7,581,4
semper@aliquetmagna.org,Brianna,Burris,61-05-17,PITMU63377,2,262456,36426,84687,3,288,5
justo.Praesent@sagittissemper.net,Kaden,Farley,64-11-10,DZTTX91034,1,813743,41250,85518,7,188,10
at.velit@ornare.net,Uma,Myers,87-08-14,RVQOZ09487,3,616735,49869,20341,10,211,9
dapibus@congueturpis.ca,Benjamin,Bean,74-08-28,TLTPJ67951,4,118769,19325,15276,8,751,4
Donec@porttitortellus.net,Blythe,Baker,87-05-14,RQIHZ80235,1,450863,76864,25281,5,698,3
amet.consectetuer@mattisInteger.co.uk,Silas,Stokes,60-05-13,BDZGX77824,2,136956,27791,99022,4,697,9
nec@felisDonec.co.uk,Michael,Copeland,82-05-14,QAKVG00219,4,718954,41378,37372,8,128,5
fermentum@vestibulumnec.org,Shana,Holder,63-07-21,LMLZL71504,2,127617,21860,12130,8,519,3
tempus@ametnullaDonec.co.uk,Octavius,Barton,54-07-27,RYGTE75068,3,559336,70046,29176,7,437,4
ac@habitantmorbi.com,Nita,York,86-09-11,SADXF35932,2,327827,24752,83485,7,911,3
tortor.Integer.aliquam@elitAliquam.com,Adara,Wagner,52-11-19,JCHNO50523,2,808850,91887,76457,10,669,3
mauris@ac.org,Echo,Pitts,98-05-15,QSTZP39411,3,885792,99671,67765,7,265,1
non.hendrerit.id@duiaugueeu.co.uk,Elizabeth,Morrow,67-06-17,CPHOD87483,1,312338,76358,72179,6,442,2
orci@orciconsectetuereuismod.org,Nicholas,Torres,69-12-13,VVDXJ03117,2,923317,17768,27262,10,666,10
malesuada.augue.ut@tristique.ca,Colton,Navarro,76-10-08,YNEDB70867,1,729689,61517,32547,8,215,1
aliquet.Phasellus@loremvitae.com,Alyssa,Melton,98-08-01,XUUHW70143,1,407331,48212,36017,9,850,6
lacinia.mattis.Integer@Proinnislsem.co.uk,Owen,Ray,53-11-26,NBCYR98287,4,297972,36335,17121,4,790,9
rutrum.eu@estNuncullamcorper.co.uk,Dane,Nelson,84-09-27,LSPGN87132,2,743798,95994,89047,9,888,3
sem@facilisisvitaeorci.net,Mufutau,French,93-11-07,WGSVM88176,2,712870,90243,32553,3,949,3
et.euismod.et@euismodestarcu.co.uk,Aurora,Franco,89-03-08,WVGZV64111,2,440868,77821,41915,7,939,1
Sed@Namacnulla.co.uk,Evan,Hunt,74-08-15,TFRZR64032,1,435751,22943,34790,5,871,2
ultricies.sem.magna@veliteget.edu,Lars,Robinson,74-06-17,XETEE43069,3,575814,93647,41071,8,872,4
convallis.ante.lectus@quis.net,Maile,Mcintyre,71-02-21,AVYJX00250,4,763466,41551,59022,10,559,7
gravida.non.sollicitudin@metussit.net,Rafael,Stevens,88-09-23,TDPEJ64036,2,480567,16899,23991,6,961,5
nascetur@quislectus.com,Geoffrey,Ward,57-09-01,FTIFN88222,1,814637,84087,47346,6,416,1
Phasellus@arcu.net,Doris,Ayers,82-03-24,HDSMN40049,3,305105,56139,55405,9,274,2
amet@massaSuspendisseeleifend.org,Christine,Briggs,75-04-19,BTUOI05475,4,724656,19531,77570,4,833,10
fringilla.euismod@Integer.net,Steven,Carter,91-04-14,AHPOK84559,4,655955,80902,68887,3,953,3
Sed.diam@arcu.com,Shoshana,Riggs,72-10-28,JWGPD58223,2,814237,52819,82020,9,697,10
eget.odio@id.ca,Wang,Rhodes,55-07-18,YXAUE32422,1,779704,99417,18372,10,769,10
sem.mollis@morbi.net,Lael,Wilder,80-02-01,HGWTX76314,1,587661,84316,52120,5,859,10
Integer.sem@ipsumprimis.ca,Blossom,Mcfarland,88-02-21,CDQVA73267,3,542837,67635,69861,10,589,4
arcu@aliquamadipiscinglacus.co.uk,Ian,Cook,74-02-11,TVBJL79068,3,952104,29315,88084,6,600,8
id.magna.et@cursusvestibulum.edu,Linus,Reeves,66-01-13,MTKHT14896,3,931546,90914,25156,5,863,2
Lorem@dignissimmagna.edu,Brendan,Woods,84-11-08,YCFTL79017,1,639256,36787,70764,4,618,7
Aenean.gravida.nunc@mitempor.net,Cody,Lee,94-08-23,KPEIJ54890,1,710158,86590,88534,3,239,2
eu@pharetraQuisqueac.com,Elvis,Washington,82-05-30,NKTMO38275,3,736555,84312,42304,6,240,2
Integer.urna.Vivamus@maurisid.net,Octavius,Ayala,96-04-06,RBLRL79808,2,357042,73052,70419,5,243,9
gravida.non.sollicitudin@adipiscingnon.com,Carly,Zamora,80-06-08,MWMPQ52696,4,639101,18474,46192,8,325,4
in.sodales.elit@rutrumFuscedolor.com,Deborah,Ballard,51-07-10,OPBNF67607,1,667950,39750,10465,4,983,8
faucibus.leo.in@loremut.org,Clio,Ewing,96-11-28,GYMKN37897,3,886935,60089,86190,6,314,1
in.molestie@auctorullamcorpernisl.edu,Rhona,Mays,56-06-17,KWVSF59946,3,638287,16547,60418,6,403,2
ante.iaculis@semperpretiumneque.ca,Barclay,Daniel,80-10-04,UAZNB35990,1,289976,18998,11762,3,921,1
cubilia.Curae@Pellentesqueutipsum.co.uk,Forrest,Erickson,56-05-31,MZJWX43543,4,223075,85761,20091,4,468,10
libero.dui.nec@dignissimtemporarcu.co.uk,Rogan,Oneal,98-03-24,UQPYL70044,4,626421,92829,82188,9,974,3
nisl.elementum@eueuismodac.ca,Shafira,Shelton,81-09-30,NKRCX47216,1,368993,38921,13416,6,946,9
nonummy.ultricies.ornare@Duisdignissim.co.uk,Vladimir,Leon,61-10-11,KWIRL12069,1,658821,44788,52697,7,643,3
orci.adipiscing@vitaenibhDonec.net,Abdul,Whitley,66-02-08,VQJPW53645,4,554648,39581,21503,8,207,5
ullamcorper.velit@tellusSuspendissesed.com,Cooper,Norris,96-06-19,MAIBS07884,2,224043,94875,12837,3,537,6
ultricies.ornare.elit@elitdictumeu.com,Samuel,Ramos,91-01-18,PPUDP25483,1,295088,80292,46169,8,421,7
risus.In.mi@infelis.com,Jocelyn,Pennington,69-02-21,XFVAQ21560,2,415552,72330,57514,9,766,8
neque@maurisutmi.org,Yael,Schroeder,90-03-23,XCMOM89445,2,756446,72612,37336,3,310,6
Mauris@odiosagittissemper.net,Inez,Charles,99-04-08,BUZAL47034,1,989749,41912,46319,8,954,2
enim.mi.tempor@magnanec.net,Kessie,Duffy,54-02-26,BAZHO38478,4,691302,60485,29467,4,298,3
metus.sit@sedturpisnec.com,Kato,Henderson,67-01-27,PCBIH80384,1,934325,75408,64070,7,651,10
Proin.dolor.Nulla@augue.ca,Sloane,Murray,79-04-18,LQMYM07299,2,957112,38136,22374,8,892,5
Etiam.gravida@disparturientmontes.com,Victor,Frost,74-07-25,OHQHB87462,2,722976,57489,68473,6,339,7
dolor.quam.elementum@ultricesa.edu,Erin,Holloway,99-03-01,KLKYU34388,3,855466,73541,85318,8,690,2
egestas.Sed@Nuncmaurissapien.edu,Kato,Burris,50-02-09,GEIDF03999,1,256662,99665,82335,3,237,10
Cras@Pellentesque.edu,Grant,Davidson,90-09-13,HQPOU61088,4,433407,81234,77913,7,828,3
felis@tacitisociosquad.com,Winter,Robertson,74-08-08,OYIWC51048,4,347835,68472,66228,6,481,4
mauris@nisi.co.uk,Bruno,Battle,71-11-26,HSEBI03116,2,499003,35434,82851,7,142,5
ut@justoeu.co.uk,Brianna,Nielsen,52-08-18,CZRIW37147,3,183782,61808,29144,10,362,4
eu@necenimNunc.com,Breanna,Cochran,85-09-29,FGHAY99856,3,791708,68954,78164,10,521,1
viverra.Maecenas@sitametorci.net,Hamilton,Joseph,94-04-29,KSHCW73020,3,592671,96818,83035,10,546,7
gravida.nunc.sed@aliquameros.ca,Zenaida,Haney,78-10-08,LTKDX24718,3,738939,87257,84618,4,354,6
sed@nondui.org,Stacy,Swanson,82-02-18,HNFGY21089,1,336246,32062,95182,5,524,7
Donec.est.Nunc@Nam.org,Nadine,Brady,75-08-10,KTTYR45573,4,914357,13812,59327,8,176,10
risus.Donec.egestas@odioAliquam.ca,Derek,Ferrell,84-03-31,IMKQQ97585,1,354106,23290,27932,8,498,9
Vestibulum@etnuncQuisque.edu,Cedric,Hardin,76-09-30,GWBKD50514,2,153681,43217,23935,4,968,1
elit.fermentum.risus@nuncsed.org,Ray,Ramos,67-11-20,JLKJW21640,1,237011,44935,17213,4,912,8
tortor@sem.edu,Justin,Shelton,77-05-04,SUQOF98625,4,738667,28973,16104,5,107,5
hendrerit.id@sagittis.co.uk,Ciara,Cline,72-08-28,CGZKQ15273,3,656390,34707,75087,10,613,2
convallis.est@semconsequat.ca,Jordan,Hardin,62-12-10,XHJQN29705,4,911663,45985,88154,4,481,5
et.pede@vitaeeratVivamus.ca,Constance,Chaney,97-07-18,KCRHO47363,3,825891,92881,84161,10,988,4
ultricies.ligula.Nullam@ametorciUt.co.uk,Kyra,Browning,59-10-29,ZRDYL72017,1,904058,10443,85347,7,406,2
ultrices.posuere.cubilia@tellus.org,Kasper,Cummings,54-10-12,IQJDU35001,1,904690,37141,49723,10,528,10
quis.arcu.vel@arcu.net,Oleg,Christensen,95-04-26,DEGMR75760,3,603628,75942,38626,6,512,6
mollis.dui@nequenon.net,Addison,Moreno,63-11-10,TSICY57656,2,990921,19599,53157,3,110,4
leo.Morbi@eudolor.edu,Hashim,Good,87-06-27,BLSYA49493,4,895104,39823,66967,9,670,10
Donec.tempus.lorem@facilisiSed.edu,Summer,Boone,63-04-17,JSNLY87661,2,599789,56648,86223,6,683,9
Fusce.feugiat.Lorem@vitae.ca,Yoshio,Rosales,96-10-17,OBXML99321,2,209245,19565,39762,3,891,8
semper.et@porta.edu,Castor,Dawson,62-04-10,OTRDV53538,2,706365,83022,74205,8,123,1
nisi.sem.semper@MorbivehiculaPellentesque.com,Louis,Joyner,83-05-21,PIFWN76080,1,111880,39052,70965,9,995,7
ante@egestasFuscealiquet.edu,Hall,Mack,51-11-19,DBHMS87669,2,192464,49450,77195,6,489,1
orci.Donec@elementumsem.org,Austin,Meadows,94-12-01,TRAUQ50281,2,103150,40014,26487,3,308,10
sit.amet@ametconsectetueradipiscing.com,Taylor,Mclaughlin,66-02-04,TSQLX91347,1,265847,89010,21510,8,289,4
sociis@etultrices.ca,Ifeoma,Combs,64-05-21,OTUEU16291,1,669970,95095,74161,7,253,7
enim.diam.vel@utaliquam.ca,Cynthia,Anderson,61-09-11,OVXRV74779,3,519402,82446,13190,9,892,5
volutpat.nunc@ultriciessemmagna.edu,Wyoming,Dixon,71-03-13,IVBDD89499,3,844516,35692,92871,10,817,1
metus@augue.ca,Aurora,Chan,71-02-17,IGCAH50254,2,196044,89535,19831,9,533,3
tristique@Proinsedturpis.org,Ciaran,Blanchard,98-11-18,LOWNA83279,3,879525,61328,71917,5,319,8
est.congue.a@anteMaecenasmi.org,Deborah,Wallace,95-03-31,AERWK07238,2,146131,56328,81907,3,444,6
a.magna.Lorem@Nuncacsem.com,Ivana,Sellers,85-01-06,YQHAR07688,4,643613,50307,25071,10,372,6
Nunc@hendrerit.edu,Tiger,Lawrence,64-12-05,ZGZBO63509,1,556662,25686,78410,6,908,8
Suspendisse@commodoipsum.com,Xanthus,Ball,97-12-26,URBIR85223,1,751751,92809,34682,6,820,7
non.enim.commodo@vitaesodales.edu,Berk,Jacobs,63-03-22,CHQKN98751,2,678300,43377,33614,9,294,4
mauris.a.nunc@porttitor.co.uk,Griffith,Hubbard,51-07-12,RFEIW97602,1,220922,45331,15532,9,991,9
mauris@interdumligulaeu.org,Odessa,Small,60-03-17,VJNRW35686,3,330261,50150,87524,8,209,2
Vivamus.non.lorem@tinciduntvehicula.net,Wylie,Dudley,79-06-23,ADGPR79943,2,349108,83938,15741,4,739,4
Vestibulum.ante@semperrutrum.ca,Randall,Parks,77-01-14,SGLCU15641,1,994797,63714,20316,8,752,10
tellus.Nunc.lectus@laciniaorciconsectetuer.org,Karly,Hebert,73-11-23,XVSMV02516,2,304243,68934,86849,8,643,2
ut.nulla.Cras@at.ca,Katelyn,Fleming,80-07-10,VGMCA08008,2,859313,26487,33374,6,103,3
et.magnis@est.org,Bruno,Smith,86-11-27,MKZLG75006,4,806044,45254,41584,3,144,10
In.tincidunt.congue@tellusSuspendisse.org,Imani,Wilkerson,82-06-22,PFGEW78265,2,601752,87139,43412,10,831,1
interdum.feugiat.Sed@loremlorem.org,Nicholas,Newton,53-12-04,LKBQZ29034,3,302562,28114,49146,8,289,7
auctor@leoCras.ca,Rashad,Adams,73-12-16,PQYNN32238,4,472388,81613,54928,3,825,8
semper.pretium.neque@vitaeerat.edu,Nola,Nieves,93-08-27,LEHTU51291,1,366093,16205,91513,9,842,1
lectus.rutrum.urna@orci.edu,Adam,Soto,64-02-02,OPOMX38395,2,987430,91340,29103,5,448,2
eget.tincidunt.dui@enim.com,Yvette,Watts,90-04-06,XQMPJ83713,2,782709,47357,21331,8,236,7
justo.eu@faucibuslectusa.org,Plato,Finch,70-05-24,SEXWG41208,4,920155,88162,70872,10,380,1
leo@bibendumfermentum.net,Wade,Knox,99-10-20,DVCCA64268,2,949967,91617,19708,5,810,5
eu.lacus.Quisque@vulputateullamcorper.edu,Elizabeth,Randolph,56-12-22,ICDAM76930,2,500410,93815,66722,8,775,9
dapibus@enimgravidasit.org,Griffin,Adams,71-07-12,ZFVKW18389,1,463934,68792,98421,6,747,10
erat.volutpat.Nulla@utpharetra.co.uk,Zelenia,Ross,60-02-14,RPKVE15440,1,421969,96715,68180,5,357,4
varius.et@sagittis.co.uk,Xantha,Chaney,96-10-04,PMLUW99534,1,247925,41822,49168,9,743,5
erat@magnaLorem.co.uk,Abraham,Soto,80-01-30,JIHQU43471,3,959869,22249,18112,6,140,4
nibh.Phasellus@ipsum.org,Alden,Frazier,89-05-05,CIKEO36210,2,732063,46738,42646,7,218,2
sit.amet.consectetuer@sem.co.uk,Duncan,Mckay,80-07-02,CNAWB51737,1,705999,92501,32332,6,665,7
fringilla.mi.lacinia@est.net,Solomon,Padilla,91-01-28,EIIEJ01735,2,730708,31140,41588,10,454,2
habitant@Integermollis.com,Colorado,Torres,62-07-28,SMKRL46547,3,613373,47465,93501,9,464,7
volutpat@leo.edu,Magee,Sullivan,55-10-11,NTKSK46729,4,472176,75233,94870,10,729,4
Donec.vitae.erat@Vestibulum.co.uk,Roth,Dalton,52-12-25,HCVOR78251,2,855834,22370,52628,9,145,3
vitae@imperdieteratnonummy.ca,Lane,Saunders,80-07-10,IIKPD32380,3,434100,50481,10446,3,336,10
augue.id@velitAliquamnisl.net,Asher,Tate,78-04-13,MFVZO64261,4,220052,25801,25912,5,267,3
parturient.montes@et.com,Unity,Diaz,98-07-05,XEUHS81601,4,826783,53282,65779,10,374,4
sit.amet@Integereu.edu,Uriel,Mckenzie,80-06-19,DKIAK25251,4,741007,61355,50891,6,404,7
Donec@Maurisblanditenim.ca,Risa,Henderson,67-06-09,SKNZZ22546,2,182621,34134,27833,10,292,4
neque.sed.sem@gravidamolestiearcu.net,Curran,Dale,95-12-05,WNXAK42536,2,181216,67185,34733,8,676,5
molestie.sodales@sagittisNullamvitae.net,Kiayada,Rocha,63-08-13,QTFFO87921,3,342198,50145,57908,6,463,4
aliquam.iaculis@nonlaciniaat.edu,Chase,Harding,59-09-22,LPABZ79569,2,929129,44759,71653,4,747,3
Phasellus@purusaccumsaninterdum.edu,Rashad,Hinton,60-06-08,SZKMB44358,4,625025,30369,83881,6,536,7
eu@dolordapibus.edu,Yoshio,Porter,81-11-13,SGKXM33024,1,437210,32223,60010,3,698,6
scelerisque.mollis.Phasellus@Proinsedturpis.com,Lacy,Slater,95-06-02,MWCEQ09242,1,329781,92349,26189,9,380,7
ac@sodalesatvelit.net,Gary,Calderon,80-07-29,NQUCL27692,2,645104,99873,88306,10,787,9
magna@elitEtiam.com,Sarah,Fuller,61-02-01,JOQKG57550,1,667552,96106,60877,4,430,4
nec.mollis@NullamnislMaecenas.org,Keane,Ryan,80-06-18,ZTEIK26747,3,490296,96497,57745,3,615,10
Integer@mus.com,Noelani,Hale,59-07-27,QUMYS05503,3,546512,86299,33806,9,819,5
Sed.diam@Maecenasmi.org,Colby,Herman,53-11-26,UUQCG52956,1,591089,76384,99054,8,359,9
vulputate.mauris.sagittis@Sedauctorodio.edu,Marvin,Matthews,55-12-23,NOFUV14745,1,700238,29425,38085,7,666,1
neque.venenatis.lacus@egetmetus.ca,Brent,Clayton,89-06-03,XZQXS81267,2,398675,49120,31326,5,821,10
dictum.magna.Ut@sitametconsectetuer.org,Yuli,Terry,65-07-23,HSLAP91212,4,855642,13105,53172,8,756,7
imperdiet@semmollisdui.net,Malik,Mcpherson,61-07-16,EOEXB25785,4,701706,87260,27061,8,684,7
a@vehiculaaliquet.com,Riley,Simpson,61-10-31,FZXRD04892,1,171056,71582,83912,10,406,3
Curabitur.consequat.lectus@adipiscinglobortis.org,Alan,Townsend,62-07-23,OGOPG36686,2,967702,61532,28949,10,196,2
ornare@egestas.org,Valentine,Nieves,89-07-31,XPYHQ40958,4,175175,57143,69337,9,490,9
id.sapien@Cras.com,Irene,Hansen,80-07-26,DBQQV40267,2,675720,99148,85254,7,340,2
vestibulum.nec@Fuscedolorquam.edu,Shay,Blackwell,63-01-19,KRAYJ42138,1,502455,45378,29451,5,713,4
malesuada@faucibusidlibero.ca,Reuben,Mooney,95-07-02,LSIPB58985,3,851494,48528,63920,5,515,2
cubilia@nibh.ca,Belle,Richardson,71-10-30,HUIZK85857,4,967413,17575,87547,10,217,2
Ut.tincidunt@euaugue.com,Colin,Clements,67-04-24,SNCOC96269,1,537269,84217,51062,5,686,9
mollis@tinciduntdui.edu,Kennedy,Alston,96-08-17,GQAMW93903,3,197016,54554,33257,8,526,9
purus@Aliquamnec.edu,Deacon,Washington,77-05-11,LKZND95578,1,264642,79534,46271,9,991,2
interdum@Maurisblanditenim.edu,Alexandra,Young,60-05-17,FTIRK19143,4,515251,85412,76614,9,270,10
vitae@consequat.org,Alden,Warner,92-05-06,GEAKQ52820,2,690619,53503,57669,7,698,1
Donec.porttitor@Duis.edu,Felicia,Murphy,60-03-22,UNGYO77645,2,435765,13367,26318,7,836,6
nec.quam.Curabitur@odioAliquam.com,Rogan,Rutledge,52-09-12,OGIFM24581,1,858756,72345,21167,4,471,7
risus.Donec.egestas@a.net,Bree,Zimmerman,50-04-25,ULZFS92889,3,983416,24467,38325,4,614,7
sagittis.augue@ametconsectetuer.edu,Maile,Stone,56-10-25,BXGOF16238,3,860088,10103,27380,9,211,4
ligula@necanteMaecenas.edu,Carl,Pickett,76-08-01,BPOFW77947,1,437482,19106,16485,8,618,8
Sed.nunc@rhoncus.edu,Noelani,Hubbard,73-01-18,UPCLJ03556,3,845560,70243,94896,6,338,10
Curabitur@netusetmalesuada.co.uk,Orli,Murphy,77-10-24,MVJJB99991,4,671122,43660,66268,10,322,6
habitant.morbi@egestasSed.net,Kenyon,Baxter,91-09-24,OAOVW54567,4,821327,65613,15038,6,808,8
lorem.vitae.odio@ipsum.ca,Hilary,Floyd,65-01-25,OUSBD83639,4,974657,52115,61575,7,751,2
dictum.eleifend@vulputateveliteu.org,Odessa,Romero,91-10-10,LDGTZ63223,1,998748,28099,49080,10,197,7
nonummy@utnisi.ca,Odessa,Larson,55-02-16,YNDWJ89174,2,983243,93243,37949,5,884,6
Curabitur@orciluctuset.edu,Sarah,Morales,85-09-14,GEPMD59206,4,415861,81798,83326,3,508,9
elementum@odio.com,Hop,Hansen,92-07-01,NPDFN37423,3,268276,93456,52592,3,705,10
a.felis@temporbibendumDonec.net,Beverly,Livingston,95-09-14,HOKTD74989,2,137864,45455,22799,5,255,5
lectus.Nullam.suscipit@Duis.net,Howard,Trevino,97-11-17,ZJPNV36444,3,719786,76639,30856,4,928,9
bibendum.Donec.felis@neque.com,Kieran,Mccall,79-03-05,YSKJK97503,1,411915,57521,52275,7,652,3
vitae.aliquam.eros@risus.com,Cooper,Mayer,73-12-18,ISLFL77636,4,741275,23406,68645,9,458,2
lorem.fringilla.ornare@sedsapienNunc.ca,Amanda,Savage,93-02-04,AXVLM21303,2,999026,98685,70555,10,553,5
netus.et@diam.net,Isabella,James,57-02-12,HMZGU97148,2,334553,74935,86230,9,896,5
arcu.Curabitur.ut@sodalesat.org,Kasper,Gilbert,73-01-13,QZTVF19681,2,179489,87998,21121,3,706,6
lobortis.quis.pede@quisdiamPellentesque.com,Cassandra,Hobbs,87-08-27,LZFWM32268,3,507284,66965,21151,4,582,8
mi.pede@natoque.edu,Clayton,Noel,99-09-30,SQBMU03061,1,488858,22045,96925,4,404,5
Nulla@Donecfeugiatmetus.ca,Olga,Booth,69-10-12,TUFRQ12983,3,222401,74984,71184,7,625,8
sodales@lobortisquis.net,McKenzie,Randall,69-03-25,TJFWX55795,2,823547,33806,82413,5,478,3
ornare.sagittis.felis@purusMaecenas.net,Kitra,Malone,56-09-25,KHGFX21623,4,977689,49379,72655,4,329,9
Cras.dolor.dolor@vel.org,Quon,Rhodes,86-06-02,JUDZD39288,1,654419,88293,63592,8,561,7
nulla@Sedmalesuada.org,Uma,Ewing,71-06-08,KUCDO84923,4,147294,17633,69166,10,830,1
at.nisi.Cum@magna.ca,Aspen,Daugherty,63-12-23,UBFDP27779,4,783867,25923,13213,4,229,9
Sed@leoinlobortis.com,Amos,Diaz,51-01-17,LSMGR56153,1,538927,10426,12619,3,104,1
euismod.ac@estNunclaoreet.edu,Jasper,Hopkins,50-02-15,DWHVG80571,1,397451,85080,69575,3,505,1
pede.Cum@insodales.net,Branden,Ryan,72-10-30,JKVZG78337,1,912496,86526,19336,8,281,1
pharetra.felis@felisegetvarius.edu,Leonard,Drake,92-04-16,BOMFR19323,1,959636,42619,14153,8,689,1
metus@purusMaecenaslibero.net,Lysandra,Farley,84-10-14,OKJYW73659,4,583199,24021,14794,5,496,7
tincidunt.congue.turpis@lacus.com,Mallory,Watkins,81-06-27,DANNU41155,3,566997,41322,20076,10,719,2
pede.malesuada.vel@eueleifendnec.net,Regan,Cervantes,99-10-01,EWOMH78973,3,151692,63521,98638,6,277,6
purus@mi.net,Nolan,Owens,82-02-21,LWTNV05226,4,538975,66903,68914,9,545,5
orci.adipiscing.non@scelerisque.edu,Eric,Torres,55-01-12,JBUPE47580,4,536278,85085,78660,6,230,9
ultricies@idrisus.com,Blake,Estrada,76-06-24,GKZXV86990,2,220661,55014,72562,5,187,8
consectetuer@urna.ca,Elvis,Emerson,62-02-17,KJMCA62366,2,352903,57723,61235,6,330,10
nibh@Sednecmetus.edu,Mikayla,Richmond,93-10-31,KOCDQ77768,1,742502,66047,87166,6,810,4
quam@eleifend.net,Ava,Hester,58-11-07,RMZUH05436,2,370353,85577,81932,6,287,1
non.leo.Vivamus@odioauctor.ca,Christen,Greene,66-02-20,FOXTV66689,3,395934,74488,59890,10,417,3
sollicitudin@eleifend.org,Grace,Stewart,87-08-04,TNZMT68339,4,791978,37567,59062,4,228,8
nulla.In.tincidunt@elit.ca,Rowan,Webster,81-01-24,VUHWW38351,4,704963,10521,67998,10,449,4
eget.magna.Suspendisse@luctusetultrices.net,Kay,Hopper,72-10-09,GQMXO93284,4,903352,47661,81074,6,667,4
mi.felis.adipiscing@est.net,Leigh,Wooten,77-06-11,AHWIN98086,1,743612,88954,74386,7,549,8
a.malesuada@utdolor.ca,Clark,Martinez,94-08-30,PYOKS28974,4,583503,34851,74164,5,398,7
semper.pretium.neque@interdumSed.ca,Rahim,Villarreal,57-03-24,GPAIT88315,4,906052,93404,88042,5,138,10
eu@risusquisdiam.co.uk,Hyacinth,Stout,56-09-18,RJVST77508,1,890514,26768,87371,4,521,1
semper.tellus@neceuismod.com,Kareem,Dennis,74-05-07,MATWK21197,3,411192,61206,42507,8,902,8
sapien.imperdiet.ornare@pedeet.net,Sage,Jenkins,89-01-12,LNJSR37408,4,845510,68042,28667,5,277,4
nec.tellus.Nunc@Curabiturvel.co.uk,Erich,Chang,79-01-20,KGMJI12161,3,233325,39057,91021,4,436,10
sed.dui@Suspendissealiquet.org,Shea,Hernandez,84-02-23,FFBQM70859,4,608017,78632,31281,9,269,1
Nullam.enim@consequatenimdiam.edu,Tanek,Delacruz,83-12-17,IGBZL84008,4,175209,17098,78263,8,141,4
faucibus@aceleifend.org,Shelby,Bush,86-04-11,LVBZM17766,2,944969,97027,75993,3,419,4
Duis@quamvelsapien.co.uk,Yvette,Foreman,58-10-12,HHOEM40015,3,365737,71603,19591,10,548,10
lacus@enimsit.edu,Rana,Reed,72-07-02,SBMZZ50553,2,596158,95612,95158,7,182,8
id.erat.Etiam@malesuadafamesac.org,Jeanette,Logan,52-03-29,NYFLU07993,2,411638,20527,73445,6,496,9
In.faucibus@rhoncusNullamvelit.net,William,May,88-08-14,AQFEO14803,2,170109,44673,56368,3,772,3
est@porttitorscelerisque.edu,Roary,Webster,94-05-15,LDGVF24579,2,193907,44273,34134,7,213,7
et.malesuada@laoreet.com,Phyllis,Ross,98-05-22,GLEYZ10182,4,581921,97633,74897,9,596,3
litora.torquent@vitaepurusgravida.org,Tanner,Mcmahon,74-08-03,DYMFR49434,2,609393,69627,10322,7,312,10
turpis.vitae.purus@fringilla.ca,Emery,Sutton,62-11-09,ULCIB93955,2,758160,27365,77414,4,131,7
lectus.justo@libero.net,Blake,Cash,72-05-17,GXDXQ40864,2,323117,95452,50075,10,700,6
Nunc.mauris.Morbi@dictumplacerat.net,Donovan,Bentley,95-03-19,HFQTF97587,3,553285,20821,46641,9,297,10
sed.sem.egestas@vel.org,Nolan,Vazquez,77-07-01,EPUWH44438,1,252708,37883,39206,10,501,2
adipiscing@diamPellentesque.net,Samson,Holman,62-01-20,UDXVJ55585,3,529970,20151,77405,6,568,2
eu.ultrices@mi.ca,Alec,Kelley,67-10-10,VTAEF70473,4,800955,60581,78663,3,642,6
lectus.sit.amet@sit.ca,Rashad,Hoffman,70-08-05,GOGVA84495,1,915871,86257,64000,4,407,5
adipiscing.lobortis.risus@Etiamimperdiet.org,Brock,Hubbard,52-04-07,NFHOX54887,2,196272,52094,37066,4,809,8
non.luctus@estarcu.co.uk,Rudyard,Ramsey,78-03-27,NIQCO97089,2,953607,47746,19342,9,954,9
quis@Mauris.com,Adara,Aguilar,74-07-02,YTKEO67113,1,422368,26573,81291,4,609,3
elementum.purus.accumsan@eleifendCras.co.uk,Tate,Mueller,79-05-10,DJWQI67994,4,495201,67157,37263,8,695,8
sapien@nonantebibendum.org,Sawyer,Mcdaniel,98-11-24,IZZFO27360,3,377957,35441,67262,5,457,4
orci.Ut.sagittis@scelerisque.co.uk,Duncan,Baird,75-08-28,GTYLE96705,2,442623,43636,12783,4,561,8
scelerisque.neque@fermentumarcuVestibulum.edu,Lance,Boone,87-01-21,XFAYT44462,1,454778,53452,30087,6,298,2
Fusce.mi.lorem@in.org,Phelan,Hester,51-05-13,QSLXS69465,3,354136,93268,22151,10,912,9
odio.Aliquam.vulputate@hendreritconsectetuer.co.uk,Regan,Craig,74-08-01,CAUJD42708,3,833126,90578,44801,4,884,8
Nulla.tempor.augue@nec.edu,Darius,Tanner,64-11-24,YOTPL34799,2,400189,71187,72881,5,870,5
eu@orcisemeget.com,Dalton,Ramos,80-01-20,DIMIT54827,3,764381,66181,29591,3,844,1
tempor.est.ac@utdolordapibus.ca,Jerome,Holcomb,71-09-25,SLGVK55144,2,359862,84085,11788,6,262,2
varius.ultrices@malesuadafamesac.org,Amaya,Spears,85-09-06,RFWKV04533,2,658389,39356,31733,6,679,7
lorem.ut@afeugiattellus.org,Zephania,Franks,55-07-31,TLYOO39390,1,389720,10784,38319,6,101,4
vel.lectus@eratvitae.ca,Camille,Nieves,87-03-11,ELNHX77582,4,252422,37148,57160,8,767,5
vel.turpis@vitae.org,Doris,Kelley,79-05-31,DWAST07000,3,485720,51162,77305,10,872,4
Duis.sit@nondapibus.org,Joy,Tyson,89-08-22,FKGAG05133,3,115618,97262,12101,3,428,6
senectus.et.netus@ullamcorperDuis.org,Hamilton,Fulton,54-12-20,CDLGQ40406,4,729136,12075,30035,6,613,2
sodales.at.velit@facilisismagnatellus.ca,Regan,Herring,59-03-14,LASER20601,3,414179,22000,47799,3,184,6
eros@euenimEtiam.org,Destiny,Chapman,93-09-03,QDJHU22208,4,483719,81192,33379,8,523,5
tincidunt@ipsumprimisin.ca,Aristotle,Berg,87-03-22,OSUPN40051,1,937795,91010,57633,10,223,5
Sed.dictum@egestasblanditNam.edu,Buckminster,Foreman,62-04-26,RBEKD75977,4,288446,24667,76238,8,113,2
eu.tellus.eu@ligula.com,Allegra,Clark,92-12-13,CLGCV63770,4,769356,74467,88889,5,571,3
Nunc.commodo.auctor@fringillapurusmauris.com,Rylee,Sandoval,93-04-19,ZDKEE96736,4,979977,55468,47241,5,676,3
blandit.at@Craspellentesque.ca,Byron,Hale,50-03-06,OYNEA11818,4,235457,36435,40798,8,268,2
sapien@pede.co.uk,Violet,Rojas,52-06-06,CJLBT92459,3,109063,15807,45674,7,291,8
in.lobortis@interdumNunc.co.uk,Harlan,Rowe,70-11-04,GMVUG87833,1,166744,39173,30855,10,197,3
mi.fringilla.mi@euligula.net,Bo,Holden,68-10-30,EDFSR26253,4,364511,46907,36970,4,315,1
erat.nonummy@Aenean.ca,Zahir,Ray,54-08-20,JKNYL31332,2,837421,78333,14032,9,878,10
pede@iderat.org,Ginger,Frost,58-11-06,IMYMR27921,2,749887,31345,89896,6,691,1
consequat@dolortempus.org,Sydnee,Dominguez,54-02-26,QRDKU20066,4,352696,33345,19518,8,283,1
auctor.velit.eget@enimNunc.com,Ina,Dorsey,68-03-01,DTEAY47525,3,937599,65226,88475,6,616,1
sollicitudin.adipiscing.ligula@ultricies.edu,Jerome,Watson,67-01-18,MJZUT25217,2,900508,68924,19833,4,218,5
malesuada.Integer@orci.edu,Yuli,Guerrero,84-04-14,QQNTQ63278,3,606021,78270,55753,4,667,7
Curabitur@luctus.ca,Marshall,Nieves,92-12-10,CNQFA95191,1,586780,20541,76804,4,545,6
non.lacinia@feugiatLorem.com,Cooper,Collier,98-06-08,PFGLJ39309,2,549222,92572,21267,8,989,3
eleifend@acfermentumvel.org,Jessamine,Tyson,51-05-28,YNTGT39813,2,304464,24210,86630,10,641,2
posuere.cubilia@tortor.edu,Sebastian,Marks,65-05-11,XNKUU25245,3,666616,88371,57762,3,367,10
In.ornare@nibhvulputatemauris.com,Tarik,Walls,86-02-26,SQYIE04899,4,782288,30368,38189,9,319,4
vehicula@neceleifend.org,Autumn,Compton,55-04-19,CAPUK05046,3,375710,47769,48560,9,573,8
mi.Duis.risus@risus.com,Guinevere,Vasquez,80-02-04,OMCEC73208,4,515662,39320,41024,3,426,5
imperdiet@asollicitudin.edu,Phyllis,Hall,78-12-23,TVHNL61150,4,318064,27779,93932,10,649,1
ut@blandit.org,Harrison,Chase,50-04-29,VYKSX67566,2,937548,69986,64038,4,662,6
erat.neque@necleoMorbi.org,Acton,Griffin,73-12-15,MYDXS96880,3,848102,33502,58218,6,902,3
diam.dictum.sapien@Sed.co.uk,Garrison,Tanner,87-11-19,XBEKM17073,1,115175,93753,51250,8,792,1
Nulla@massanon.edu,Tyrone,Caldwell,66-12-04,VFGWG02331,3,407315,75903,68684,9,646,10
sagittis.Nullam.vitae@Proinegetodio.com,Ila,Fry,76-07-28,HJVVD58361,4,924673,96468,60231,9,607,9
interdum.ligula.eu@molestie.edu,Declan,Mclaughlin,85-12-27,FKRCH29638,1,204645,93979,92985,9,884,2
Cras.dolor@purusMaecenas.ca,Nathaniel,Morrow,62-10-25,CTTVZ97174,2,173647,12410,86171,10,455,3
In.at@Maurisnon.net,Mallory,Olsen,79-01-14,PIJXS25393,2,522530,28363,89513,6,637,9
Pellentesque@Vestibulumaccumsan.net,Aphrodite,Bruce,96-07-28,RLHMH75647,2,567344,37185,52994,10,424,1
elit.elit.fermentum@venenatisa.com,Imogene,Thornton,64-02-07,IOSNZ51601,3,189415,85505,56405,6,283,3
pellentesque.tellus@faucibusut.org,Hillary,Hewitt,52-04-19,QOTCU33746,1,177327,69549,64684,6,996,5
mollis@dictumPhasellus.org,Colleen,Stephens,71-07-17,AOMWQ31577,1,638280,38916,97043,9,464,5
vehicula@ligulaNullam.com,Irene,Vance,64-11-26,SCVLM94850,4,912069,19945,97265,4,505,3
eget@nonummy.ca,Ariel,Norris,76-12-26,VVUMS57021,3,838225,58965,49551,7,126,5
tristique@Phasellusornare.edu,Lillian,Bauer,81-05-16,DPSAH76086,4,658848,68377,16810,6,596,2
sit@sollicitudinamalesuada.co.uk,Jason,Blevins,97-11-28,YBEFZ59879,2,177837,69055,70573,9,207,9
id.risus@dolor.co.uk,Winifred,Jefferson,76-07-05,MVHXZ04092,1,317861,63578,32252,4,479,5
eget.metus@sociis.org,Elliott,Larson,59-11-18,OJFXV95667,3,471434,32920,14422,4,551,7
Etiam.laoreet.libero@ligulaeu.ca,Lionel,Boyle,95-04-13,DLBUQ78933,4,971733,98850,89320,6,399,7
dictum.magna.Ut@sitamet.ca,Jayme,Dominguez,90-02-08,NBHCE48338,1,320867,24056,12024,6,532,2
Nam.consequat@purusMaecenaslibero.com,Sara,Lawrence,54-12-15,NDQRZ62831,1,841288,52552,54465,4,908,7
a@elitCurabitur.edu,Neve,Wright,83-11-19,DMAWG29249,2,543207,12329,14925,7,387,6
Proin.sed.turpis@ultriciessem.co.uk,Lucas,Serrano,90-11-02,PXDVP72775,3,563793,62339,85558,10,524,10
leo.Morbi@InfaucibusMorbi.org,Edward,Kelley,52-02-15,NKNXP11528,3,155504,21413,69450,6,975,3
vel@nonenimMauris.ca,Gretchen,Dotson,67-06-30,JYZHZ09711,2,970126,82693,49875,6,498,3
at.risus.Nunc@adipiscing.co.uk,Chancellor,Quinn,79-01-26,WICWL65068,2,637655,65042,54327,7,382,3
in.dolor@velitinaliquet.com,Hall,Branch,65-01-04,VNJNM45465,3,253559,78622,44042,4,911,2
non@aliquetnecimperdiet.org,Roanna,Riddle,63-03-05,TUOND62603,1,955437,37887,50239,3,452,4
condimentum@ullamcorper.com,Joelle,Mcclain,72-03-20,AINFC11309,3,624190,88153,12196,3,863,5
eu.enim.Etiam@tinciduntaliquam.net,Ariel,Galloway,81-10-18,PQXGK98574,3,747320,28052,87898,5,108,1
magnis@enim.com,Randall,Kerr,62-04-27,HQAYG79110,1,825001,62106,17365,10,442,3
at.risus@arcuetpede.com,Erin,Alexander,66-11-27,WBOFP09473,4,482563,34940,27377,10,372,3
sit.amet@fringillami.com,Curran,Burris,70-01-07,EDYMZ52499,3,954726,37004,47140,9,225,9
ridiculus.mus.Aenean@sitametante.net,Rose,Fuentes,72-04-19,PQESX31308,1,818455,58789,26489,10,513,10
amet.ante@sociisnatoquepenatibus.org,Rylee,Davis,73-07-25,FURZE82253,4,204492,47347,47194,4,632,2
montes.nascetur.ridiculus@posuerecubiliaCurae.ca,Carson,Mcgee,59-07-25,ZPGSH37861,2,263254,49030,19433,7,991,6
auctor@acnullaIn.net,Bert,Santiago,96-04-15,CHYKP77816,1,456647,92530,57514,3,461,3
gravida@ultricesVivamus.edu,Cyrus,Stanley,88-08-22,BDHJZ43828,2,373368,82654,57093,10,696,3
blandit.mattis@eleifend.net,Kevin,Holden,66-09-27,BLHNH87593,4,903644,29656,20388,5,595,8
enim.Sed.nulla@orciluctus.ca,Tatiana,Tate,76-09-23,VMFXZ84372,4,798548,32371,23704,7,229,2
gravida@laoreetlibero.ca,Alyssa,Watkins,60-12-01,PVDPZ69587,2,633734,71247,10314,10,451,2
scelerisque.neque.sed@Phasellusvitaemauris.co.uk,Vance,Raymond,93-05-07,HWCFY69354,2,451502,10950,29551,8,978,6
laoreet.posuere.enim@euenim.net,Keegan,French,73-04-03,FGJFW96325,4,986752,94773,67792,4,963,1
velit@posuerecubiliaCurae.org,Troy,Klein,86-04-06,FEFGU92528,3,733512,55413,22780,10,871,3
sit@tristiquesenectus.ca,Yoshi,Woods,74-10-11,PMNKU22231,2,670956,73411,68724,10,199,1
elit@ullamcorper.co.uk,Constance,Barnes,69-07-16,CJFCN37587,1,311555,13012,83037,6,807,8
imperdiet@nonnisiAenean.ca,Kevyn,Ortega,61-05-20,USIOR87422,4,429775,84644,18143,4,954,1
lorem.auctor@interdum.co.uk,Malik,Sims,86-02-12,TZERP92698,1,551101,30408,65258,6,631,10
felis.ullamcorper.viverra@quislectus.co.uk,Nigel,Guerrero,68-08-19,BTEXQ84935,2,498850,17733,67684,8,838,8
sed@mi.com,Eleanor,Blackwell,64-09-20,NNZZZ70233,1,897218,40789,41146,10,909,6
Curabitur.dictum.Phasellus@ullamcorpernislarcu.ca,Ivory,Flores,52-08-17,WLWYA08537,4,907612,89621,68271,6,461,7
placerat.eget@erateget.co.uk,Xandra,Howe,86-04-22,CNTMX96701,4,579647,36722,29880,8,520,2
sodales@dignissimmagnaa.co.uk,Shaeleigh,Wynn,70-02-13,XAKQE42303,1,499064,28328,80393,7,185,6
lorem.lorem.luctus@sedtortorInteger.net,Karina,Mason,59-03-21,QYYIJ73734,3,445065,50028,73526,7,141,1
vulputate.posuere.vulputate@Sed.com,Ciaran,Mills,67-07-26,RHEXO97725,4,161976,17083,70494,6,897,4
cursus.Nunc@vehiculaaliquetlibero.net,Tanner,Hill,93-06-09,AONRO61767,2,756489,92475,16797,6,491,3
primis@sodalesat.com,Berk,Cox,81-11-09,XMODY02970,1,973162,63263,45533,10,143,9
diam.luctus@velit.net,Ivory,Ware,52-04-04,BNAQM00496,2,344097,83354,24560,8,195,9
tincidunt@etrisus.co.uk,Slade,Hyde,57-11-19,KFNFH09889,4,235244,53517,85734,3,700,3
sem.magna.nec@turpis.org,Buffy,Cervantes,59-02-08,BHQKW98703,2,505602,54573,96464,3,306,7
non.feugiat@semmolestie.co.uk,Fleur,Harvey,51-01-19,CQIUJ71574,4,634961,61220,23998,4,514,7
porttitor.eros@magnaPraesentinterdum.net,Fulton,Goff,98-09-15,GTELU30720,3,883846,24450,28845,5,816,6
vitae.erat@magnaPraesent.org,Jessamine,Caldwell,50-12-14,TBUBP68445,4,416116,50944,28149,6,780,3
malesuada.vel@condimentumDonec.edu,Amos,Cobb,96-11-20,NCHLU70252,2,364444,44201,93907,9,895,4
Morbi.metus@nequeNullam.ca,Julian,Cooley,58-01-09,BTQGC80668,1,492500,16800,44246,3,844,3
malesuada.vel.convallis@Donecnibh.co.uk,Wayne,Stanton,76-04-17,WGPSN53956,3,572943,29576,26181,10,260,10
cursus@sodales.edu,Kadeem,Velez,69-12-10,KZWBA89762,4,738043,61358,22042,5,435,4
morbi.tristique.senectus@perinceptos.edu,Ora,Tanner,80-04-24,EDRXK35876,1,667382,47323,15808,5,447,3
vel@Quisqueac.ca,Kameko,Lindsay,61-10-21,NNAZM69082,3,333321,35743,45784,5,785,1
tristique.aliquet.Phasellus@eliteratvitae.com,Calvin,Bentley,77-12-13,CVHQI72458,2,462284,48382,31418,8,754,4
placerat.orci.lacus@Nullamenim.net,Elton,Clarke,66-01-09,BBGXI53768,4,987916,18508,24618,3,721,3
magnis.dis@enimNunc.ca,Brynn,Sweeney,54-11-29,ZJGGF05592,2,246952,30461,48182,3,723,1
posuere.cubilia.Curae@Donecdignissimmagna.edu,Lance,Richards,81-05-18,JFEFI68532,2,365517,39501,33147,6,685,1
Suspendisse@egestasurna.edu,Fulton,Bush,87-08-13,GSOTP61909,2,365567,63888,63249,4,533,4
penatibus.et@porttitortellus.co.uk,Sylvester,West,82-09-06,TXHXA41629,2,574435,46016,53608,7,715,7
mattis.semper.dui@lobortis.edu,Faith,Dotson,93-03-24,HAAZW99968,4,571426,58042,88497,10,684,2
sem@Crasdolor.org,Colorado,Diaz,77-09-18,AUIWE18414,4,826376,69350,87174,6,697,6
fermentum@lacusvestibulumlorem.com,Sasha,Crane,55-02-20,ZXZVZ26161,1,825539,48101,71741,5,125,7
Donec.fringilla.Donec@massaInteger.co.uk,Roary,Fernandez,86-08-25,IOAKZ77885,1,759821,49905,50628,4,755,4
scelerisque.sed.sapien@Pellentesquehabitant.ca,Beatrice,Gay,67-03-13,WSKAH80726,2,589228,10307,31348,8,618,4
dui.semper.et@aliquet.org,Demetrius,Huffman,61-09-19,SRMTU25490,4,174641,64091,78701,3,932,3
Cras.dolor@justo.co.uk,Baxter,Wilkinson,70-08-12,UCKZZ94961,4,496608,55073,90643,4,135,8
elit@dignissim.co.uk,Buffy,Daniel,62-12-15,ATMTS81332,4,488719,33671,70824,10,821,6
luctus.vulputate.nisi@auctorodio.ca,Clinton,Mendez,77-04-25,PVBFR62555,1,490677,47502,98775,3,566,5
ac@dolorsit.net,Edan,Beach,54-05-23,XQWOH87508,4,389672,79718,80019,6,951,10
et.magnis@risus.co.uk,Edward,Olson,54-10-30,WVNJJ71800,3,365359,36275,36275,3,920,2
nulla.vulputate.dui@necmalesuada.edu,Quyn,Frost,92-04-06,UFZDI96091,4,704072,20636,29579,6,207,2
Mauris@Duis.edu,Beck,Brooks,97-03-19,ARCSU20053,3,913966,28001,97086,7,834,10
ut.molestie@fringilla.net,Vladimir,Burke,79-06-21,XKGFJ40846,1,602253,11421,51187,4,103,1
fermentum@Phasellusliberomauris.org,Blake,Webster,97-06-28,LFDHJ32830,2,430355,27328,61280,9,613,1
ante@ametnulla.net,Zoe,Moon,83-10-14,HEAHP91849,2,615776,30772,43468,4,431,4
velit@interdumCurabitur.com,Ivory,Stephens,55-09-25,CYLKI23008,1,341991,59509,89380,7,597,2
Lorem.ipsum.dolor@dignissimmagnaa.ca,Jolie,Greer,67-03-24,RBWUK12918,4,735662,55402,67753,7,478,7
risus.a@a.co.uk,Ivy,Morse,90-11-10,EHXHH83571,3,510948,35474,57724,10,513,8
nunc.sit.amet@etrutrumeu.edu,Kelsie,Best,59-02-12,LIIID05877,1,270405,89767,17842,8,114,9
in.consectetuer@maurisut.ca,Selma,Mcpherson,77-03-17,AJAPO08162,2,671966,68610,26244,4,489,7
arcu@euduiCum.net,Dexter,Moss,72-10-22,YRZVE75416,3,677709,39985,62367,8,261,8
amet@nonsollicitudin.co.uk,Harlan,Sargent,55-12-21,JENSI90538,3,718428,55491,60418,8,576,9
facilisis.lorem.tristique@mollisPhaselluslibero.org,Ashton,Alvarado,95-03-27,XYRCB06264,3,892303,42430,21329,8,367,3
dui.Cum@Pellentesquehabitant.org,Iola,Allison,87-07-24,RMRRF01763,4,111803,74249,24432,7,834,3
tincidunt.adipiscing@vel.net,Josephine,Acosta,62-02-14,MRNFI32955,2,951827,69195,50711,4,398,4
at.arcu.Vestibulum@eueros.net,Stone,Newman,81-01-09,KRTYS43369,4,567781,24885,20835,10,227,9
elit.Etiam.laoreet@metusfacilisislorem.edu,Hayfa,Harding,77-05-08,UGDCP27523,1,668357,21953,53171,5,386,1
pede.Cum.sociis@Craseget.org,Audra,Cardenas,87-06-30,PIDWB92954,3,425179,31916,46860,4,810,10
varius.Nam.porttitor@egetnisi.edu,Jenna,Wilkerson,69-01-28,RDGFL14620,2,676055,61544,28928,4,587,7
accumsan@lectus.co.uk,Taylor,Mayer,95-01-02,IZXFQ29789,3,500906,74849,58088,4,436,10
lectus.Cum.sociis@conubianostra.org,Noble,Haley,78-08-22,RDRZT75783,3,598921,68313,42403,3,192,7
pharetra.felis.eget@pulvinar.co.uk,John,Simpson,96-11-06,DIGZH05280,1,741441,25643,25510,5,499,5
mattis.Integer.eu@Maurisquisturpis.net,Griffith,William,79-02-22,QMKWH61575,3,391202,29653,61453,8,650,1
netus.et@aliquam.co.uk,Courtney,Herman,71-04-28,KJJAU27612,3,334846,62859,33428,8,338,7
dui.semper.et@antedictummi.org,Willow,Hood,57-07-16,HSRKS47908,1,787810,77746,92574,6,695,10
nisi@estNunc.ca,Elliott,Willis,84-12-17,GARGB99777,4,257225,34382,56587,6,360,7
egestas.hendrerit@ipsumnon.ca,Joel,Johnson,76-08-16,RNQPO61047,3,942773,61062,21098,7,846,9
dapibus.gravida@vitae.co.uk,Constance,Bender,52-11-14,WRHOD11913,1,102974,26067,62061,10,504,1
Integer@tortoratrisus.co.uk,Ulla,Kirk,55-02-24,IBOHT17798,4,730547,73642,78916,9,808,8
In.at@Proin.edu,Barclay,Shields,58-12-03,IWAQQ89667,3,756819,78155,10496,8,782,5
egestas.blandit@Aliquamrutrum.co.uk,Joel,Lester,73-08-10,LOBTW81624,3,512417,15751,39626,7,693,5
Nunc.sed@utpharetrased.edu,Gisela,William,85-07-25,ORLJS71884,1,699968,62790,83706,3,501,7
neque.Nullam@tristiquepharetraQuisque.ca,Amethyst,Jimenez,78-01-31,VKHTX12712,3,179914,98409,31075,6,283,10
aliquam.adipiscing.lacus@egestas.net,Matthew,Zamora,59-05-17,XGYPS61718,2,533958,42006,96569,6,119,3
vel.mauris@atsem.com,Adria,Riley,72-12-10,VWSEI46555,2,758290,69418,59508,8,848,1
nec.eleifend@placeratCrasdictum.net,Lee,Ward,76-09-29,CRSUY04107,3,120351,27620,47040,3,901,1
volutpat.nunc.sit@Nuncsed.net,Evelyn,Foster,59-04-17,TDSXS05662,4,122671,44058,86590,9,664,7
sed.est.Nunc@sit.co.uk,Hoyt,Mercer,86-07-01,NQJOK70461,2,314285,98058,33874,3,820,7
a.feugiat.tellus@loremac.org,Tanya,Marshall,61-12-11,QNQTX76575,4,242062,60803,49509,4,556,1
sem@maurissit.co.uk,Elmo,Pearson,60-04-23,TNNSZ21412,3,831874,44675,39373,4,356,10
mollis.non.cursus@idsapienCras.edu,Aurora,Kidd,89-04-05,GRDRR16352,1,495001,73260,52863,9,476,10
consequat.nec.mollis@ultriciessem.edu,Maxwell,Ayers,61-11-25,UMOAH66018,4,373776,76814,22272,3,865,3
imperdiet.ornare@eget.ca,Hedy,Hester,92-11-03,MIHPX11440,4,797800,52421,76544,10,487,2
velit.Cras@egestas.edu,Drew,Miles,81-07-01,XPSSD56660,2,136686,58182,98776,5,729,5
tellus.Aenean@mattis.com,Tiger,Glover,90-05-15,GYVND86551,3,128911,30235,20321,7,108,1
facilisis@nullaIntegervulputate.net,Jolene,Skinner,80-10-09,ROIGS39316,1,613189,13087,66575,5,493,8
feugiat.tellus@erat.co.uk,Selma,Church,59-09-23,GIFQI48789,4,171303,43709,77746,7,808,6
mauris.Morbi@quisurnaNunc.edu,Colorado,Ellis,83-10-04,XMPDL92677,1,375203,66821,73774,3,169,4
a@luctusaliquet.co.uk,Shay,Noel,71-03-21,HTZXW29909,2,100376,66076,83007,3,356,1
pharetra.sed@Duisa.org,Merritt,Stanton,78-12-19,ZWAJD75051,1,302768,77409,80806,4,834,9
magna.Cras.convallis@ullamcorpervelitin.edu,Cameron,Sexton,70-01-27,OIFBY84741,2,525270,10646,73763,9,370,7
placerat.Cras@tellus.co.uk,William,Byers,54-11-29,NSPYQ65257,2,203707,25122,93278,6,368,9
non.lobortis@pharetrased.com,Tanner,Blake,92-08-15,KRWMS21448,1,589201,78044,51132,9,224,10
urna@faucibusorci.org,Ulysses,Flores,81-07-05,MEOUU22482,4,197032,26787,55835,8,610,1
massa.Mauris@Nam.org,Meredith,Vance,86-07-03,VPJMZ59550,2,944427,46975,74726,9,627,4
orci.Phasellus.dapibus@commodoat.com,Acton,Wolf,58-12-01,ZHODQ98045,2,200389,88147,94374,4,766,5
amet@turpisIn.edu,Quail,Cardenas,79-11-08,EFJZI07771,4,540261,76987,12484,6,391,7
Aliquam.tincidunt@sed.co.uk,Gavin,Evans,68-12-03,DBNZB87016,2,824811,15114,47010,9,650,1
erat.neque.non@Aeneangravidanunc.org,Kay,Stanley,52-09-05,MNWYF77506,1,298394,52383,99825,10,647,7
non.feugiat.nec@risusDonecnibh.ca,Adrian,Butler,81-06-19,PAZHT28813,1,919297,97815,45791,4,806,8
adipiscing@leo.ca,Hedwig,Allison,72-07-21,ZVTEM20940,2,962561,70363,89976,6,161,8
Etiam.bibendum@nonummy.co.uk,Aristotle,Harrison,96-09-22,BYTWJ33011,2,324067,50344,82849,6,445,5
rutrum@quis.com,Cyrus,Hahn,74-06-02,DBUVP14557,4,439484,82200,16284,8,293,8
posuere.at@sollicitudinorci.org,Quon,Frank,56-04-05,PBGGU53059,3,177947,97716,20465,9,808,9
facilisis.magna.tellus@diamProindolor.co.uk,Adara,Nixon,70-05-18,KGRYI25067,2,733149,86161,84710,5,401,8
sit@nunc.ca,Hillary,Ayala,61-12-02,ZETDQ86456,2,239932,82320,98400,3,613,10
tortor.at.risus@leoin.co.uk,Jeremy,Slater,95-11-11,YQVUM90928,1,772647,26611,54190,10,446,5
gravida.sagittis.Duis@purusNullamscelerisque.edu,Molly,Alvarado,64-12-24,VZAVA77244,1,502084,41435,59343,9,267,6
Mauris.vel.turpis@ante.com,Kim,Blevins,87-07-28,ZCUHC08250,4,623437,20328,83507,3,655,5
malesuada.fringilla.est@pretiumetrutrum.com,Brennan,Hunt,96-07-28,GEQHH81139,1,157849,56515,78305,3,848,5
lacinia@velesttempor.net,Abel,Rush,73-07-27,KQFUJ67195,1,608535,19833,91402,8,966,1
amet.consectetuer@ipsum.ca,Rhoda,Mccarty,73-03-13,ZOFGU69401,3,520686,96212,39901,4,597,4
ipsum.primis.in@consectetuer.net,Karleigh,Lynn,63-06-18,SRZMR64259,1,773907,10978,88625,4,327,5
sagittis@nunc.edu,Halee,Snow,56-10-08,UPFLZ46190,4,768797,60570,89990,9,964,4
eu@turpisIn.ca,Ignacia,Hess,87-08-29,PCYNW78058,3,742824,12337,86785,8,673,2
Mauris.vel.turpis@lacusvariuset.co.uk,Octavius,Curtis,60-11-20,PQULW93109,4,457425,98534,66199,7,549,4
eu.eleifend@Nuncmauriselit.org,Fletcher,Beach,56-01-08,LSOKW51583,4,378800,45297,50397,10,104,10
tempus@nuncsed.org,Hedwig,Page,77-06-22,MYPFS97908,4,419671,25014,97394,10,381,1
Nunc.ac@neque.co.uk,Genevieve,Stanton,82-05-15,WXJVM19859,4,975078,95081,13437,4,251,10
molestie@ut.edu,Paul,Fleming,52-10-27,ZABFD49637,3,171529,44590,13129,4,981,5
neque.vitae.semper@luctus.edu,Isaac,Shepherd,80-10-27,XJMXW80745,4,426229,16962,80326,3,226,9
neque@sitametfaucibus.ca,Winifred,Manning,61-08-10,HPCCX36904,3,609391,34094,11736,10,380,1
Nulla.tempor@antelectusconvallis.org,Talon,Bender,91-11-08,CTTTK95495,2,592861,68816,75676,4,200,5
Phasellus.in.felis@vitaenibh.net,Breanna,Waters,51-06-16,ZXTMY26915,3,645504,56416,21127,3,866,4
quis.diam.Pellentesque@cubiliaCuraePhasellus.edu,Burton,Patterson,90-06-18,MHYKY95982,3,196131,73304,20437,6,359,5
nibh.enim.gravida@felis.com,Rosalyn,Mclaughlin,59-09-22,UYIPR43551,4,564140,29948,22183,5,596,8
nibh.dolor.nonummy@erat.co.uk,Hunter,Jackson,86-10-02,OBFUI43017,2,500273,99154,83889,5,560,9
Duis.elementum@idanteNunc.ca,Rigel,Mayo,98-07-12,INKJW61175,1,356127,90717,40663,7,180,5
tempor.arcu@sapienAenean.com,Ira,Levy,83-01-21,GHVIW20406,2,370126,79077,26916,8,522,8
mus.Donec.dignissim@ProindolorNulla.edu,Brittany,Shepherd,75-08-30,LFWQX10490,1,248236,54280,86853,7,900,7
molestie.in@aliquet.net,Judith,Mcconnell,92-07-30,RHGQL28016,1,703752,93877,37957,8,245,9
scelerisque@CuraePhasellusornare.org,Kylie,Frederick,78-07-17,TRDBZ79990,4,638106,57373,14091,8,258,4
lorem.luctus@odio.ca,Callum,Bentley,79-03-16,SCGGQ71596,4,211169,88731,68047,4,650,8
vitae.aliquet@duilectusrutrum.com,Jason,Gomez,79-06-30,GTTQE46067,3,373072,57655,80886,9,334,8
pede.Cum.sociis@pulvinararcu.net,Sydney,Huff,66-10-02,PBANW62898,4,557498,52958,72472,4,141,3
nunc@rutrum.com,Audra,Rowe,70-01-30,AOLNW94006,4,381945,22013,76995,6,894,7
dui@egestasrhoncus.ca,Keane,Young,69-12-08,SLBGA31672,1,723145,55039,97524,9,329,6
Nullam@mifelisadipiscing.edu,Jayme,Hardy,83-05-24,LEMSF45518,4,240379,43560,95097,5,149,10
at.velit.Cras@Fuscealiquam.com,Kasper,Turner,93-07-18,QLPOH13417,3,592611,29667,24470,10,631,9
purus@atauctor.co.uk,Maile,Anthony,66-10-30,CUSHW73274,4,522356,72027,83934,8,772,6
diam@Donecnibh.co.uk,Sydney,Blackwell,95-11-13,ABGER39951,1,579949,58130,82853,4,213,10
vestibulum@velitegestaslacinia.net,Urielle,Sparks,79-04-29,BJBUX32179,3,603286,48337,38092,4,446,4
odio.vel.est@eu.org,Pearl,Stuart,54-02-16,OBKCK38223,3,256870,49326,32965,6,126,8
iaculis@ametrisusDonec.ca,Theodore,Aguilar,56-08-07,BUREW78742,1,228707,33535,19840,10,685,3
cursus@velquamdignissim.edu,Connor,Hernandez,91-06-23,OAXVS77881,3,414252,16040,79227,8,398,10
urna@Utsagittislobortis.org,Quinn,Knox,65-07-07,DGHTX56883,2,877362,76934,90903,3,250,8
pede.ultrices.a@Integerurna.com,Emmanuel,Slater,90-11-03,ANJRI18362,1,640629,41175,70136,3,152,4
Sed@Duisrisusodio.com,Xenos,Morales,98-11-20,ICMPX86873,2,221693,89644,83659,5,598,10
consequat@pedenec.net,Derek,Rowe,90-05-18,OGGIA87763,2,446072,53389,48504,6,884,7
In@egestasFuscealiquet.com,Beatrice,Wright,76-06-25,OJOBZ75465,3,213321,10997,16485,6,288,4
vel@penatibuset.org,Omar,Baird,67-06-06,DNGNW06268,2,568844,33517,47758,7,223,7
erat.neque.non@dapibusrutrum.net,Dean,Livingston,79-06-27,RPERP11084,2,410518,50877,77232,7,261,6
consequat@lectus.ca,Kelly,Keith,84-08-11,VUCMB88239,2,430429,18488,27662,10,940,8
est@egestasDuisac.net,Daquan,Macias,63-09-24,OGTBZ60382,2,541967,67902,71615,10,230,7
fermentum@blandit.org,Clayton,Buckley,78-09-10,OGFVQ97446,1,154763,18416,72169,4,479,6
Donec@Ut.org,Aurelia,Curtis,90-03-02,QREEC20624,3,839318,74812,26363,7,606,1
torquent.per.conubia@erat.com,John,Salas,62-03-14,YLDXN59492,2,892157,36697,41772,3,940,2
elit.sed@Maurisnondui.org,Claudia,Blake,76-07-03,WPPSH78630,3,861852,77515,52566,6,747,8
venenatis.vel@milorem.co.uk,Kim,Hyde,56-04-28,QRGAN93318,1,881461,97461,71326,5,764,4
mollis@MorbimetusVivamus.com,Ferdinand,Levy,81-05-06,LTTUH36995,1,406581,20578,33881,7,256,9
tincidunt@ornareegestas.com,Patrick,Mooney,94-11-09,VODZQ53137,2,199340,45134,46738,5,112,2
tristique.neque@Sedeu.com,Iliana,Carver,54-11-01,TWQTV57894,3,819155,90166,35704,7,833,1
lorem.ut.aliquam@semmolestie.edu,Grace,Carpenter,54-04-06,TTOMI92261,1,972316,96935,96894,9,656,2
Vivamus@In.net,Prescott,Hernandez,67-12-10,DVCVI63477,3,539829,90906,48390,4,887,4
magna@leoCras.net,Jason,Buckner,73-07-20,FJAZG65022,3,247156,94120,47646,5,859,10
et.magnis.dis@euturpisNulla.com,Karleigh,Booker,69-06-17,EGWCT87481,1,203910,34590,16714,4,647,2
orci.luctus@Curabitursed.org,Rae,Mercado,92-02-21,LTXXT12946,1,621650,71961,69511,9,231,10
amet@tellusloremeu.com,Britanney,Marks,74-04-23,HADYA64147,4,834785,94561,67075,7,471,9
neque.et@aliquam.com,Kay,Garza,88-03-13,FWTKU12489,1,490210,18375,31972,10,699,2
augue@Fuscemilorem.net,Ulla,Morgan,86-03-21,IQYMP32067,1,484450,33023,69594,9,177,9
faucibus.orci@Cum.org,Alexander,Davenport,64-01-20,LTKSP18845,1,428007,68979,51100,8,619,4
leo.Cras@semutcursus.net,Sasha,Jensen,81-06-25,OBAWW93138,3,244858,84964,94475,10,598,3
dignissim.tempor@dictumauguemalesuada.org,Carla,Lancaster,85-10-30,JLDFJ91001,2,723830,99573,23553,10,841,1
in@diamvelarcu.edu,Mariko,Bender,67-07-27,JPGDQ10703,3,403091,68089,54637,5,507,7
ornare.egestas.ligula@Aliquamrutrumlorem.org,Russell,Roman,91-04-23,SPROX44661,3,704038,60364,26455,6,968,8
vel.venenatis.vel@odiosagittissemper.edu,Stephanie,Fischer,62-11-13,EGEPO45334,1,170674,56312,93771,4,300,4
sed.libero@Phasellusinfelis.net,Cain,Kerr,99-12-10,AXDLT91916,1,811940,45053,17988,10,309,5
egestas@vellectusCum.co.uk,Callie,Anthony,57-07-08,RXLCZ22070,2,640624,49376,49762,9,351,2
Proin.mi@Donectempus.com,Cassidy,Moody,74-07-27,LTXPU74923,3,620615,23365,99128,9,435,3
erat.eget.tincidunt@Quisque.net,Joel,Gould,54-04-26,PYIZL44479,3,389568,81392,69545,9,571,4
nulla.Integer@consectetuer.org,Omar,Bauer,98-10-19,UJZEB62388,2,208352,36372,35135,3,171,10
sapien.gravida@acturpisegestas.org,Dexter,Shepherd,90-02-17,PPHWW48591,1,862749,74249,98243,8,666,9
at.iaculis@sapien.com,Perry,Sanders,52-12-17,PSWDD32157,1,893522,19083,92506,5,459,9
pede@ligulaeuenim.ca,Cody,Oconnor,76-11-15,CGETM08722,3,494201,22183,52533,10,999,9
nec.euismod.in@facilisis.ca,Chadwick,Beck,55-10-22,UVIVN80889,3,960526,67909,69304,8,595,6
est@habitantmorbitristique.edu,Kiona,Curry,56-09-30,KXMKA79944,1,785774,46823,90829,5,310,5
dictum.ultricies.ligula@velfaucibus.ca,Sybill,Cummings,83-12-22,WVSPU90432,4,349962,15596,10982,6,664,4
placerat.augue@blandit.org,Bernard,Cooley,50-02-03,YDTFJ76725,3,708907,23479,39981,4,760,6
quis@sapienCras.com,Tanisha,Gilbert,98-05-25,REGPF13984,1,877473,81169,88480,5,409,10
Duis.dignissim@Aliquam.ca,Felicia,Francis,91-05-13,ZWSVR68197,4,217703,28067,73533,9,378,7
orci.in.consequat@Crasvehicula.com,Benedict,Greene,81-08-08,TCZNS20947,2,961762,33564,44340,8,452,3
convallis.convallis.dolor@pedeblandit.com,Reagan,Moreno,59-04-29,GDXUI83734,1,945614,47666,54238,3,143,6
aliquet@dictumsapienAenean.ca,Winifred,Bell,64-08-02,VRJKX38794,1,126963,71213,95513,10,928,4
adipiscing.elit@augueeutellus.ca,Phillip,Allison,69-09-25,DTFZE10671,4,930134,41344,60337,8,535,3
augue@temporbibendumDonec.com,Uta,England,51-04-12,QSUNJ83440,2,535000,72395,47525,5,587,1
sit.amet.nulla@atfringilla.co.uk,Jael,Watkins,81-06-25,YSVUK05530,3,439039,93709,54863,7,172,1
sit.amet.faucibus@justonec.co.uk,Ivor,Wilson,65-08-09,RLIMC77259,1,406965,50620,30875,5,746,8
et@rhoncusNullam.com,Zane,Guthrie,60-07-05,IUGJP72362,2,323350,97388,53887,5,441,6
Mauris@mattis.co.uk,Tasha,Patterson,69-07-31,MNUCB88894,2,202009,30239,55087,6,416,6
sem.semper@adipiscinglobortisrisus.co.uk,Gregory,Davenport,54-08-06,TYQZR66369,2,402991,31935,62172,8,110,6
neque@dolorsit.edu,Uriel,Guerrero,99-04-17,UQDUT36595,2,510834,10911,66503,9,158,9
sapien.Cras@Aliquameratvolutpat.net,Penelope,Guzman,93-04-22,ZJTPI46344,2,919015,19470,88180,4,873,10
ligula.elit@etnetuset.edu,Ainsley,Gentry,64-08-16,MNDKB70665,3,612049,47806,10632,5,543,6
Morbi.quis@urnaet.co.uk,Louis,Dickson,73-08-26,PTBAE48364,2,466585,16720,96531,6,431,3
nec.ligula.consectetuer@ultriciesornare.net,Raymond,Ball,61-09-13,TRJOY77434,4,901013,43761,86782,8,803,9
Duis.sit@elementumat.edu,Paki,Downs,74-04-14,FEGPP14338,1,594716,81355,34390,6,145,3
lobortis.ultrices.Vivamus@Morbiaccumsan.net,Larissa,Abbott,54-06-15,OFSXB18415,2,770966,34259,72156,3,844,7
non.nisi@Uttinciduntvehicula.com,Keith,Weeks,90-10-10,TSKOA95183,1,129120,78605,43827,7,836,4
Ut.tincidunt@miacmattis.org,Colt,Puckett,71-10-19,MPXUS29882,1,558678,39147,21001,10,924,3
penatibus.et@Mauris.co.uk,Xaviera,Nielsen,51-06-01,XDLNP12913,4,334127,74607,97751,4,801,2
Donec@Maecenas.edu,Beverly,Mccray,84-02-26,HMUOH02396,4,585201,63372,69705,9,285,2
Donec.consectetuer.mauris@fringillaDonecfeugiat.net,Burke,Cooley,63-12-30,VNOLV53514,3,648062,24802,10396,5,831,4
cubilia.Curae@turpisvitae.org,Tashya,Osborne,79-10-19,QBEEF61584,1,759504,33086,11966,5,569,6
Mauris.ut@insodaleselit.co.uk,Alfonso,Skinner,56-03-16,ACWNL30231,1,595218,66874,85783,7,152,3
purus@scelerisque.org,Hiram,Carroll,57-03-08,XVRTA37032,4,622956,52883,62710,7,175,3
Integer@ac.org,Louis,James,90-07-12,IKBWT56056,1,977932,51335,61141,9,457,8
eros@nectellus.ca,Xavier,Ochoa,62-07-23,UYOVX72419,3,474003,45682,55692,10,317,3
quam.elementum@loremtristique.ca,Joy,Maddox,63-05-12,PBYGN91707,2,936656,99871,52747,8,586,1
convallis.in.cursus@arcu.org,Tatiana,Hays,94-09-08,SNGMA24354,1,464856,42055,44262,9,776,4
dictum.Proin@Nullatincidunt.co.uk,Daquan,Wall,56-11-19,BWOCT01138,1,633748,69230,15472,5,648,5
dui.augue.eu@interdumlibero.net,Len,Sharpe,59-08-11,LTHFZ99844,1,608212,16681,51740,4,406,7
scelerisque@hendreritidante.com,Sophia,Luna,69-11-10,OVNAR84752,1,849498,97728,78050,9,129,8
sem.Nulla.interdum@pedeblanditcongue.edu,Zia,Morse,69-04-13,AURSE03423,2,724264,63048,35174,7,520,5
lacus.Nulla@Cras.net,Chancellor,Holland,92-05-08,GQMOS03367,1,421109,10400,77258,3,693,4
porttitor.vulputate.posuere@porttitortellus.net,Brynne,Horne,51-11-23,UKAJU19026,3,630593,82919,88044,5,564,3
ut.cursus.luctus@variuset.org,Brielle,Serrano,58-06-25,GQOKH25762,4,662735,43311,78053,10,960,10
aliquet@gravidasit.edu,Ciaran,Mathis,53-11-29,SXPRX73807,4,994460,48009,96105,3,489,6
orci@Maecenasiaculis.edu,Clio,Griffith,79-05-26,LHYXF06160,3,421704,38021,69298,9,363,6
natoque.penatibus.et@ipsumcursusvestibulum.co.uk,Claudia,Guthrie,80-12-09,ECBZN98881,2,400261,38452,75380,3,195,8
lorem.eu@a.edu,Octavius,Ingram,71-02-22,SFZDD16118,2,660330,36046,33640,7,442,10
non.sapien.molestie@Suspendisseeleifend.co.uk,Cleo,Britt,79-08-26,ZJCIK72713,4,899965,27102,67468,9,236,10
eros.non.enim@Crasdolor.net,Quinlan,Dunlap,90-10-28,IAGUS78487,3,344612,50938,77076,7,778,1
nec@egetvariusultrices.com,Griffith,Graves,90-11-21,VMAWL11871,1,153677,21523,64249,5,771,10
luctus.et.ultrices@placerat.co.uk,Walter,Lamb,54-02-25,ZTOSC01673,3,844290,92217,18222,3,984,8
lacus.Mauris@infaucibus.ca,Chancellor,Scott,63-06-10,FCQZV93431,1,697969,92865,87497,8,123,9
vel.venenatis.vel@Donec.com,Hiram,Hawkins,70-10-10,QAVML67335,4,531338,55347,88963,9,458,5
Nulla.dignissim@vulputateposuerevulputate.ca,Willa,Nielsen,79-05-20,YALIT33197,4,537520,10472,23780,6,176,9
turpis.nec@ligula.ca,Cynthia,Pickett,87-09-20,TXFOI84447,1,161925,18538,97009,5,422,6
ante@Sedmalesuada.edu,Barry,Reid,52-05-15,KYXOW94766,4,890135,54713,11258,9,499,4
sed@atvelitCras.ca,Basia,Gibbs,54-10-04,VPCYR93799,1,976311,33505,29894,4,510,10
rutrum.lorem.ac@Quisquefringillaeuismod.net,Rigel,Mccormick,83-08-01,LPHHI02558,2,782239,64561,15332,8,485,8
a@sitamet.net,August,Gray,51-09-24,BMQBA17424,4,566720,82455,70950,10,562,3
Duis@dolortempusnon.net,Angelica,Gay,73-04-13,KASKG48877,1,898117,27065,43101,10,757,6
luctus@posuereatvelit.edu,Clarke,Dejesus,72-06-28,JUFKJ54758,4,367044,32870,86605,4,219,2
elit.pellentesque.a@ligulaAenean.com,Cheyenne,Bowman,59-03-31,TQYGS84743,1,124281,50012,38698,10,278,2
Aliquam.tincidunt@aliquam.co.uk,Delilah,Irwin,72-09-18,PQATP19442,3,638435,97332,11222,3,509,6
justo.nec.ante@fames.ca,Armando,Dalton,93-01-20,CRPKM46617,1,696539,65943,17194,5,576,6
ornare@ipsumCurabitur.co.uk,Mia,Dean,85-05-10,WRYBM79269,2,268754,23775,62595,5,464,8
elit@sitamet.co.uk,Ryan,Howell,87-06-03,PMVPU86475,4,718994,93321,16617,3,106,7
ut@auctorvelitAliquam.net,Sophia,Meyer,64-07-12,LVJXS28951,3,604620,87692,87126,8,706,9
vulputate@pedenonummyut.org,Candace,Melendez,55-01-15,VLCUA15515,3,507473,53628,51470,5,148,6
vitae@semperdui.edu,Allistair,Alston,83-01-08,WYYAD98020,3,156571,20420,96944,9,182,7
nec.metus@massa.ca,Rebecca,Gill,90-04-13,TZXJP70125,2,528371,88318,96412,3,470,10
feugiat.Lorem@facilisisegetipsum.com,Claudia,Dixon,85-07-23,JZYDI25198,3,129348,47956,17164,3,810,5
molestie@netus.co.uk,Teegan,Knowles,90-03-15,TMWAV57892,3,301825,16358,99868,4,349,1
mi.Aliquam@nonloremvitae.edu,Shellie,Miller,72-01-08,QFIVE90728,2,949679,48805,38672,5,498,8
mollis@risusMorbi.ca,Bree,Mcknight,63-03-23,UBFNG14726,1,865459,30521,17382,9,501,4
dictum@blanditmattisCras.org,Jermaine,Murray,52-12-27,OYIGF96604,1,476986,82569,72474,10,691,5
eget@urna.edu,Yetta,Nelson,74-02-17,NUPKA17476,4,837802,37843,15652,3,250,10
Donec.est.Nunc@egestas.co.uk,Helen,Frazier,80-06-16,QQUFD45171,2,910708,89191,16443,7,351,1
non.luctus.sit@gravidamaurisut.com,Chase,Rutledge,72-02-27,JINMF19853,2,706311,55723,93383,10,674,7
Vestibulum.ante.ipsum@magnaSed.net,Kasimir,Daniels,90-04-22,LSRWB46542,3,660758,66531,44991,4,235,10
Nunc.lectus@Fusce.ca,Oren,Potter,59-12-04,RVLOS65775,1,303452,17844,89417,7,711,3
ultrices.iaculis.odio@orciinconsequat.ca,Charity,Cooke,61-09-09,RNYYO80884,3,359293,52733,96596,6,650,3
vel.nisl.Quisque@ipsum.net,Robin,Petersen,80-06-17,TMKZI79684,4,296782,74266,74450,4,477,1
non.justo@elit.edu,Griffith,Guy,57-07-27,FGIKZ15152,2,631473,68405,59686,9,320,7
eu.tellus@lacuspedesagittis.ca,Ivy,Deleon,94-04-11,KDCIW41363,2,483110,52354,62438,7,518,6
odio.semper.cursus@erosNamconsequat.org,Sylvester,Atkins,76-12-26,HQCMT80850,2,803839,67803,43364,5,339,7
sem@justosit.edu,Melanie,Allison,69-11-15,QZTGA05018,3,682318,17876,72400,9,926,6
risus.Nulla.eget@magnaa.co.uk,Hu,Terry,87-06-08,NRMAJ23324,3,769656,34510,44889,9,164,7
dui.semper.et@aliquet.org,Claudia,Franco,80-04-25,FGZHL29354,1,940815,86843,92370,5,680,7
Duis.volutpat@fringillami.com,Blaine,Powers,59-01-02,IAVOY09317,4,694856,86999,86294,4,346,8
ultrices.Vivamus.rhoncus@Integersemelit.org,Jamal,Porter,84-06-17,LDJKU70704,4,884811,87575,36024,8,622,2
lacus.Quisque@purusin.ca,Ginger,Arnold,56-08-04,NEJDU43888,3,600105,60194,91168,7,486,1
eu@Naminterdumenim.com,Sylvester,Hunt,56-03-12,OLUMP77642,4,605245,76319,40119,4,404,3
Duis.sit@nec.com,Vance,Villarreal,75-09-14,EAERH76099,3,648885,50605,49477,10,284,4
orci@lectusquismassa.net,Kellie,Rosales,87-03-23,URJIC42189,1,589282,72615,95150,9,956,9
magna@estmollis.org,Beau,Madden,79-06-30,PEIZL55419,4,808886,27125,12838,7,853,8
ut.aliquam@ut.com,Sheila,Massey,70-01-09,XDPBY15470,3,285931,57170,78256,4,839,3
mollis.Phasellus.libero@parturientmontesnascetur.net,Sonya,Ramos,91-07-16,TSITE45090,1,121652,99037,22707,7,741,10
neque.venenatis@nibhsit.com,Wylie,Dyer,96-06-08,LHBQK29346,1,950092,41024,83740,9,527,2
fringilla.mi@libero.com,Elmo,Clements,51-01-08,SYQOZ24032,1,775451,98288,31785,3,776,9
Sed@Nuncpulvinararcu.co.uk,September,Wood,75-04-19,YPUWM63756,1,752103,80558,99747,9,496,6
mattis@Nuncquis.com,Basia,Holmes,81-11-30,XMUFJ56139,3,594704,94179,92703,10,596,7
orci@duiFusce.org,Emily,Nguyen,73-02-08,GPPKQ82875,2,547498,14338,92748,6,540,9
ac@mieleifend.com,Claudia,Salazar,61-07-12,KXEBM47284,3,329361,65677,41515,3,268,9
velit@interdumSedauctor.ca,Janna,Roy,61-04-26,YARLI92992,1,114347,46399,34446,8,966,2
eu.nulla.at@dui.ca,Renee,Horne,72-03-27,IGQBR46459,4,301684,25689,62075,5,529,6
ullamcorper.eu.euismod@justonec.ca,Charity,Howell,86-08-07,WZARF61042,2,846575,85494,13519,6,927,10
Sed@magnisdisparturient.net,Todd,Bradley,97-11-12,NQXLS16756,3,578003,18829,22914,6,666,3
et.euismod.et@sapien.net,Piper,Sanchez,89-01-18,GEGXY52208,2,407494,23233,90248,9,174,8
sodales.at@infaucibusorci.ca,Ulric,Harmon,50-12-30,DNRFR41733,4,833130,66093,87843,5,969,1
purus.sapien.gravida@cursuseteros.net,Elaine,Drake,67-12-30,HVAAA70678,3,583344,37434,87071,8,438,6
non@eleifend.co.uk,Jena,Prince,93-01-17,NVGXA65820,4,971186,28062,23359,3,613,10
eget@Aenean.ca,Kareem,Williams,57-07-26,HXACW15988,4,583062,40972,32259,4,113,10
mus.Proin@SedmolestieSed.edu,Jade,Velasquez,97-03-05,JSBFE79261,2,427071,23914,97838,6,583,7
vulputate@senectusetnetus.edu,Cynthia,Key,64-05-22,FCDCA04276,3,662258,73845,95744,7,291,10
quis@Pellentesqueut.edu,Hall,Ochoa,52-08-06,SHVFG95245,1,545063,39917,55361,4,556,4
metus@Suspendissealiquet.net,Chaney,Hunter,77-02-13,LHAGS27699,3,496699,29426,72367,3,140,10
Donec@Nuncmauris.org,Jonah,Medina,69-05-03,GYYDB14831,1,974863,58802,10978,6,288,8
consequat.dolor.vitae@Suspendisse.org,Jade,Aguilar,53-06-01,OTWDH61511,2,744693,77721,77498,5,517,10
luctus.aliquet@ante.ca,Ulysses,Crawford,78-06-14,QWOUB64179,2,589560,53879,51316,10,361,4
diam@tellusloremeu.com,Edan,Whitaker,91-03-28,GILVW58143,3,302685,31940,51798,3,427,5
purus@nequeNullamut.org,Damian,Cherry,96-03-09,VXMWH39846,3,709373,53500,16967,5,919,3
pede@liberoProinsed.co.uk,Vladimir,Marks,65-07-20,AKBRJ34734,3,495974,37733,14916,3,548,9
imperdiet@necligulaconsectetuer.org,Amaya,Dorsey,56-03-22,BTDLN58026,4,887754,35234,10556,9,530,6
ante.blandit.viverra@miAliquam.net,Troy,Richmond,94-09-19,YGZRZ74241,2,977934,51230,21159,8,669,1
nec@justo.net,Alma,Carney,75-12-19,ZQUOS29528,3,645856,62546,39265,9,824,7
ut.sem@dignissim.ca,Ferris,Carter,86-05-01,XVDVO09877,3,964987,21694,91034,8,480,6
ac.tellus@ligulaAeneaneuismod.edu,Kennan,Mitchell,82-12-26,TNVQC35436,4,187975,72039,97292,3,184,9
sit@Pellentesquehabitant.com,Christian,Salas,63-02-02,DJQIQ19471,1,254461,69238,88357,9,663,8
dolor@Pellentesque.co.uk,Edward,Terrell,79-12-26,HZJDW58502,4,236198,75491,20951,8,182,1
non.sapien.molestie@etnuncQuisque.com,Hall,Jimenez,63-06-17,MXBPD53881,2,564634,46070,35931,5,315,10
vehicula.risus.Nulla@purusNullamscelerisque.ca,Fiona,Nunez,74-07-29,RXCXT38783,4,911706,56805,85662,4,834,9
consectetuer.ipsum.nunc@egetmetuseu.edu,Conan,Kirkland,68-11-30,RJZLI20574,2,799051,31011,11413,9,133,9
nulla.magna.malesuada@Duisvolutpat.net,Jerome,Mendez,66-07-06,FVVCW58627,2,748389,16143,61077,7,337,2
Praesent.luctus.Curabitur@Donec.org,Ulric,Noel,76-10-13,SVCER92704,2,997549,29811,29029,3,829,10
vehicula.et@dictum.org,Theodore,Mcfarland,91-11-08,MXIRM55310,4,398441,49418,57243,5,862,3
et@cursusvestibulum.com,Todd,Rosario,54-12-22,RASRB73513,2,177855,29780,52818,4,415,2
congue.turpis.In@Innec.com,Lars,Harding,52-06-02,DVDNB62634,4,400163,96710,55246,4,134,3
pharetra.ut@sodales.net,Vance,Tate,85-11-22,EJCHU73232,3,936613,41365,90689,4,975,7
ante.Nunc.mauris@utodio.co.uk,Cairo,Nash,50-02-20,MVXDD94113,2,355195,22046,38851,5,713,5
nec@Pellentesquehabitantmorbi.co.uk,Chester,Burns,80-06-18,FKHWF41602,1,281195,60915,99091,5,198,10
non.leo.Vivamus@vestibulumneque.net,Ferdinand,Cherry,60-09-13,SUAKT24986,1,789826,78811,29213,4,497,1
interdum@sollicitudinadipiscingligula.org,Selma,Edwards,78-08-16,SBACA92248,2,570920,52265,12121,5,844,9
cursus.et@mi.org,Oliver,Calhoun,90-11-26,ZMBMQ29009,4,950744,44836,41780,4,129,8
molestie.tortor.nibh@nonarcu.edu,Uma,Macdonald,58-10-22,SETGJ30090,4,153139,41369,77308,6,938,10
dolor.egestas.rhoncus@parturientmontesnascetur.edu,Keane,Burton,84-10-04,OXLAK84372,2,215625,95890,33846,8,525,9